,sup_word,sub_word1,sub_word2
0,학생책상의자,고등학생책상의자,고등학생책상
1,학생책상의자,편한책상의자,컴퓨터책상의자
2,학생책상의자,편한책상의자,허리 편한의자
3,학생책상의자,편한책상의자,학생 책상의자
4,학생책상의자,편한책상의자,접이식책상의자
5,학생책상의자,편한책상의자,편안한 책상의자
6,빨아쓰는발매트,빨아쓰는 규조토 발매트,보태니컬 빨아쓰는 규조토
7,빨아쓰는발매트,발매트,규조토 발매트
8,빨아쓰는발매트,발매트,욕실발매트
9,빨아쓰는발매트,발매트,현관발매트
10,빨아쓰는발매트,발매트,주방발매트
11,빨아쓰는발매트,발매트,화장실 발매트
12,빨아쓰는발매트,발매트,싱크대 발매트
13,빨아쓰는발매트,발매트,스마일 발매트
14,빨아쓰는발매트,발매트,캠핑 발매트
15,빨아쓰는발매트,발매트,귀여운 발매트
16,빨아쓰는발매트,발매트,침대 발매트
17,무볼트앵글,무볼트앵글선반,조립식앵글선반
18,무볼트앵글,무볼트앵글선반,앵글선반제작
19,무볼트앵글,무볼트앵글선반,올가든5단앵글선반
20,무볼트앵글,앵글,에어컨 앵글
21,무볼트앵글,앵글,조립식 앵글
22,무볼트앵글,앵글,카메라 앵글
23,무볼트앵글,앵글,철제 앵글
24,무볼트앵글,앵글,앵글 뜻
25,무볼트앵글,앵글,앵글선반
26,무볼트앵글,앵글,철앵글
27,무볼트앵글,앵글,무볼트앵글
28,무볼트앵글,앵글,앵글규격
29,무볼트앵글,앵글,앵글제작
30,무볼트앵글,무볼트 선반,앵글선반
31,무볼트앵글,무볼트 선반,펜트리 선반
32,무볼트앵글,무볼트 선반,조립식 선반
33,무볼트앵글,무볼트 선반,팬트리 선반
34,무볼트앵글,무볼트 선반,베란다선반
35,무볼트앵글,무볼트 선반,세탁기선반
36,무볼트앵글,무볼트 선반,건조기선반
37,무볼트앵글,무볼트 선반,창고선반
38,무볼트앵글,무볼트 선반,스탠드선반
39,무볼트앵글,무볼트 선반,무볼트 조립식앵글
40,모던티비다이,높은 티비다이,높은 티비장
41,모던티비다이,높은 티비다이,모던티비다이
42,모던티비다이,높은 티비다이,철제티비다이
43,모던티비다이,높은 티비다이,미니 티비다이
44,모던티비다이,높은 티비다이,원룸 티비다이
45,모던티비다이,높은 티비다이,높은티비선반
46,모던티비다이,높은 티비다이,낮은 티비다이
47,모던티비다이,높은 티비다이,안방티비다이
48,모던티비다이,높은 티비다이,티비다이1200
49,모던티비다이,높은 티비다이,슬림티비다이
50,모던티비다이,철제티비다이,높은 티비다이
51,모던티비다이,철제티비다이,모던티비다이
52,모던티비다이,철제티비다이,대리석티비다이
53,모던티비다이,철제티비다이,미니 티비다이
54,모던티비다이,철제티비다이,원룸 티비다이
55,모던티비다이,철제티비다이,티비다이인테리어
56,모던티비다이,철제티비다이,낮은 티비다이
57,모던티비다이,철제티비다이,심플티비다이
58,모던티비다이,철제티비다이,티비다이1200
59,모던티비다이,철제티비다이,폭좁은 티비다이
60,모던티비다이,대리석티비다이,높은 티비다이
61,모던티비다이,대리석티비다이,모던티비다이
62,모던티비다이,대리석티비다이,티비다이인테리어
63,모던티비다이,대리석티비다이,대리석 티비장
64,모던티비다이,대리석티비다이,세라믹티비다이
65,모던티비다이,대리석티비다이,원목 티비다이 
66,모던티비다이,미니 티비다이,높은 티비다이
67,모던티비다이,미니 티비다이,모던티비다이
68,모던티비다이,미니 티비다이,철제티비다이
69,모던티비다이,미니 티비다이,원룸 티비다이
70,모던티비다이,미니 티비다이,낮은 티비다이
71,모던티비다이,미니 티비다이,안방티비다이
72,모던티비다이,미니 티비다이,작은티비다이
73,모던티비다이,미니 티비다이,미니티비선반
74,모던티비다이,미니 티비다이,티비다이1200
75,모던티비다이,미니 티비다이,티비다이600
76,모던티비다이,티비다이인테리어,티비다이
77,모던티비다이,낮은 티비다이,티비다이
78,모던티비다이,티비다이 1800,티비다이
79,실내분수,실내 분수대,미니분수대
80,실내분수,실내 분수대,실내연못
81,실내분수,실내 분수대,실내 폭포
82,실내분수,실내 분수대,가정용분수대
83,실내분수,실내 분수대,인테리어 분수대
84,실내분수,실내 분수대,분수대가습기
85,실내분수,실내 분수대,실내미니분수
86,실내분수,실내 분수대,실외분수대
87,실내분수,실내 분수대,대형분수대
88,실내분수,미니분수,미니분수대
89,실내분수,미니분수,실내분수
90,실내분수,미니분수,태양광분수
91,실내분수,미니분수,가정용 분수
92,실내분수,미니분수,연못분수
93,실내분수,미니분수,인테리어 분수
94,실내분수,미니분수,야외분수
95,실내분수,미니분수,미니물레방아
96,실내분수,미니분수,미니폭포
97,실내분수,미니분수,분수 만들기
98,실내분수,태양광분수,실내분수
99,실내분수,태양광분수,미니분수
100,실내분수,태양광분수,물분수
101,실내분수,태양광분수,가정용 분수
102,실내분수,태양광분수,태양열 분수
103,실내분수,태양광분수,연못분수
104,실내분수,태양광분수,인테리어 분수
105,실내분수,태양광분수,분수노즐
106,실내분수,태양광분수,태양광분수대
107,실내분수,태양광분수,분수가습기
108,실내분수,가정용 분수,실내분수
109,실내분수,가정용 분수,미니분수
110,실내분수,가정용 분수,물분수
111,실내분수,가정용 분수,태양광분수
112,실내분수,가정용 분수,태양열 분수
113,실내분수,가정용 분수,연못분수
114,실내분수,가정용 분수,인테리어 분수
115,실내분수,가정용 분수,분수노즐
116,실내분수,가정용 분수,가정용분수대
117,실내분수,가정용 분수,분수가습기
118,실내분수,인테리어 분수,실내분수
119,실내분수,인테리어 분수,태양광분수
120,실내분수,인테리어 분수,가정용 분수
121,실내분수,인테리어 분수,태양열 분수
122,실내분수,인테리어 분수,연못분수
123,실내분수,인테리어 분수,분수노즐
124,실내분수,인테리어 분수,물인테리어
125,실내분수,인테리어 분수,인테리어 폭포
126,실내분수,인테리어 분수,물레방아분수
127,실내분수,인테리어 분수,인테리어 가습기
128,실내분수,실내연못,실내분수
129,실내분수,실내연못,실내정원
130,우드행거,시스템행거,시스템행거 커튼
131,우드행거,시스템행거,시스템행거세트
132,우드행거,시스템행거,철제 시스템행거
133,우드행거,시스템행거,부산시스템행거
134,우드행거,시스템행거,시스템행거 먼지
135,우드행거,시스템행거,시스템행거코너
136,우드행거,시스템행거,셀프시스템행거
137,우드행거,시스템행거,조립시스템행거
138,우드행거,시스템행거,diy시스템행거
139,우드행거,시스템행거,모던하임 시스템행거
140,우드행거,시스템행거,시스템행거 커튼
141,우드행거,시스템행거,시스템행거세트
142,우드행거,시스템행거,철제 시스템행거
143,우드행거,시스템행거,부산시스템행거
144,우드행거,시스템행거,시스템행거 먼지
145,우드행거,시스템행거,시스템행거코너
146,우드행거,시스템행거,셀프시스템행거
147,우드행거,시스템행거,조립시스템행거
148,우드행거,시스템행거,diy시스템행거
149,우드행거,시스템행거,모던하임 시스템행거
150,스피드랙행거,시스템행거,시스템행거 커튼
151,스피드랙행거,시스템행거,시스템행거세트
152,스피드랙행거,시스템행거,철제 시스템행거
153,스피드랙행거,시스템행거,부산시스템행거
154,스피드랙행거,시스템행거,시스템행거 먼지
155,스피드랙행거,시스템행거,시스템행거코너
156,스피드랙행거,시스템행거,셀프시스템행거
157,스피드랙행거,시스템행거,조립시스템행거
158,스피드랙행거,시스템행거,diy시스템행거
159,스피드랙행거,시스템행거,모던하임 시스템행거
160,스피드랙행거,시스템행거,시스템행거 커튼
161,스피드랙행거,시스템행거,시스템행거세트
162,스피드랙행거,시스템행거,철제 시스템행거
163,스피드랙행거,시스템행거,부산시스템행거
164,스피드랙행거,시스템행거,시스템행거 먼지
165,스피드랙행거,시스템행거,시스템행거코너
166,스피드랙행거,시스템행거,셀프시스템행거
167,스피드랙행거,시스템행거,조립시스템행거
168,스피드랙행거,시스템행거,diy시스템행거
169,스피드랙행거,시스템행거,모던하임 시스템행거
170,우드행거,이동식 행거,이동식 2단 행거
171,우드행거,이동식 행거,이동식행거1단
172,우드행거,이동식 행거,튼튼한 이동식 행거
173,우드행거,이동식 행거,시스템행거
174,우드행거,이동식 행거,고정식행거
175,우드행거,이동식 행거,옷걸이행거
176,우드행거,이동식 행거,원목행거
177,우드행거,이동식 행거,옷가게 행거
178,우드행거,이동식 행거,철제행거
179,우드행거,이동식 행거,스탠드행거
180,우드행거,벽행거,벽고정 행거
181,우드행거,벽행거,벽부착 행거
182,우드행거,벽행거,파이프 벽행거
183,우드행거,벽행거,벽선반행거
184,우드행거,벽행거,옷가게 벽행거
185,우드행거,벽행거,시스템행거
186,우드행거,벽행거,이동식 행거
187,우드행거,벽행거,고정식행거
188,우드행거,벽행거,미니행거
189,우드행거,벽행거,옷걸이행거
190,우드행거,옷걸이행거,원목 옷걸이 행거
191,우드행거,옷걸이행거,벽옷걸이 행거
192,우드행거,옷걸이행거,2단 옷걸이 행거
193,우드행거,옷걸이행거,커튼옷걸이행거
194,우드행거,옷걸이행거,옷걸이 행거봉
195,우드행거,옷걸이행거,우드 옷걸이 행거
196,우드행거,옷걸이행거,행거형옷걸이
197,우드행거,옷걸이행거,철제 옷걸이 행거
198,우드행거,옷걸이행거,시스템행거
199,우드행거,옷걸이행거,스탠드옷걸이
200,우드행거,원목행거,원목 옷걸이 행거
201,우드행거,원목행거,원목 스탠드 행거
202,우드행거,원목행거,원목선반행거
203,우드행거,원목행거,원목사다리행거
204,우드행거,원목행거,원목미니행거
205,우드행거,원목행거,원목서랍행거
206,우드행거,원목행거,원목수납행거
207,우드행거,원목행거,원목 2단 행거
208,우드행거,원목행거,원목 접이식 행거
209,우드행거,원목행거,원목 시스템행거
210,우드행거,철제행거,철제 시스템행거
211,우드행거,철제행거,철제2단행거
212,우드행거,철제행거,조립식철제행거
213,우드행거,철제행거,철제미니행거
214,우드행거,철제행거,철제스탠드행거
215,우드행거,철제행거,철제수납행거
216,우드행거,철제행거,고정식행거
217,우드행거,철제행거,벽행거
218,우드행거,철제행거,옷걸이행거
219,우드행거,철제행거,원목행거
220,우드행거,철제행거,철제 시스템행거
221,우드행거,철제행거,철제2단행거
222,우드행거,철제행거,조립식철제행거
223,우드행거,철제행거,철제미니행거
224,우드행거,철제행거,철제스탠드행거
225,우드행거,철제행거,철제수납행거
226,우드행거,철제행거,고정식행거
227,우드행거,철제행거,벽행거
228,우드행거,철제행거,옷걸이행거
229,우드행거,철제행거,원목행거
230,스피드랙행거,철제행거,철제 시스템행거
231,스피드랙행거,철제행거,철제2단행거
232,스피드랙행거,철제행거,조립식철제행거
233,스피드랙행거,철제행거,철제미니행거
234,스피드랙행거,철제행거,철제스탠드행거
235,스피드랙행거,철제행거,철제수납행거
236,스피드랙행거,철제행거,고정식행거
237,스피드랙행거,철제행거,벽행거
238,스피드랙행거,철제행거,옷걸이행거
239,스피드랙행거,철제행거,원목행거
240,스피드랙행거,철제행거,철제 시스템행거
241,스피드랙행거,철제행거,철제2단행거
242,스피드랙행거,철제행거,조립식철제행거
243,스피드랙행거,철제행거,철제미니행거
244,스피드랙행거,철제행거,철제스탠드행거
245,스피드랙행거,철제행거,철제수납행거
246,스피드랙행거,철제행거,고정식행거
247,스피드랙행거,철제행거,벽행거
248,스피드랙행거,철제행거,옷걸이행거
249,스피드랙행거,철제행거,원목행거
250,태양열조명,태양광 조명,태양광 줄조명
251,태양열조명,태양광 조명,태양광 야외조명
252,태양열조명,태양광 조명,캠핑 태양광 조명
253,태양열조명,태양광 조명,태양광바닥조명
254,태양열조명,태양광 조명,태양광정원조명
255,태양열조명,태양광 조명,태양열 조명
256,태양열조명,태양광 조명,태양광 가로등
257,태양열조명,태양광 조명,태양광 조명등
258,태양열조명,태양광 조명,태양광 센서등
259,태양열조명,태양광 조명,태양광 전등
260,태양열조명,태양열 가로등,태양열 조명
261,태양열조명,태양열 가로등,태양광 가로등
262,태양열조명,태양열 가로등,태양열 전등
263,태양열조명,태양열 가로등,태양열 led
264,태양열조명,태양열 가로등,가로등기둥
265,태양열조명,태양열 가로등,스텐가로등
266,태양열조명,테라스 조명,야외테라스조명
267,태양열조명,테라스 조명,레일조명
268,태양열조명,테라스 조명,식탁조명
269,태양열조명,테라스 조명,펜던트 조명
270,태양열조명,테라스 조명,태양열 조명
271,태양열조명,테라스 조명,선셋조명
272,태양열조명,테라스 조명,태양광 조명
273,태양열조명,테라스 조명,정원조명
274,태양열조명,테라스 조명,파티조명
275,태양열조명,테라스 조명,방수조명
276,태양열조명,태양열 전구,태양열 줄 전구
277,태양열조명,태양열 전구,태양열 조명
278,태양열조명,태양열 전구,태양열 가로등
279,태양열조명,태양열 전구,태양광 전구
280,태양열조명,태양열 전구,태양열 전등
281,태양열조명,태양열 전구,태양열 알전구
282,태양열조명,태양열 전구,태양열 led
283,태양열조명,태양열 전등,태양열 조명
284,태양열조명,태양열 전등,태양광 전등
285,태양열조명,태양열 전등,태양열 가로등
286,태양열조명,태양열 전등,태양열 전구
287,태양열조명,태양열 전등,외부전등
288,태양열조명,태양열 알전구,알전구
289,태양열조명,실외조명,야외 조명
290,태양열조명,실외조명,외부 조명
291,태양열조명,태양열 led,태양열 조명
292,방수베개커버,베개커버5070,베개커버4060
293,방수베개커버,베개커버5070,큰베개커버
294,방수베개커버,베개커버5070,순면 베개커버
295,방수베개커버,베개커버5070,베개커버3050
296,방수베개커버,베개커버5070,라텍스베개커버
297,방수베개커버,베개커버5070,인견 베개커버
298,방수베개커버,베개커버5070,누빔베개커버
299,방수베개커버,베개커버5070,밴딩베개커버
300,방수베개커버,베개커버5070,자루형 베개커버
301,방수베개커버,베개커버5070,프릴베개커버
302,방수베개커버,베개커버4060,베개커버5070
303,방수베개커버,베개커버4060,큰베개커버
304,방수베개커버,베개커버4060,순면 베개커버
305,방수베개커버,베개커버4060,베개커버3050
306,방수베개커버,베개커버4060,냉감 베개커버
307,방수베개커버,베개커버4060,라텍스베개커버
308,방수베개커버,베개커버4060,누빔베개커버
309,방수베개커버,베개커버4060,자루형 베개커버
310,방수베개커버,베개커버4060,프릴베개커버
311,방수베개커버,베개커버4060,호텔베개커버
312,방수베개커버,베개커버3050,베개커버5070
313,방수베개커버,베개커버3050,베개커버4060
314,방수베개커버,베개커버3050,순면 베개커버
315,방수베개커버,베개커버3050,라텍스베개커버
316,방수베개커버,베개커버3050,베개속커버
317,방수베개커버,베개커버3050,경추베개커버
318,방수베개커버,베개커버3050,메모리폼베개커버
319,방수베개커버,베개커버3050,방수 베개커버
320,방수베개커버,베개커버3050,베개커버30x50
321,방수베개커버,베개커버3050,베개커버3070
322,방수베개커버,라텍스베개커버,천연라텍스베개커버
323,방수베개커버,라텍스베개커버,베개커버5070
324,방수베개커버,라텍스베개커버,베개커버4060
325,방수베개커버,라텍스베개커버,큰베개커버
326,방수베개커버,라텍스베개커버,순면 베개커버
327,방수베개커버,라텍스베개커버,베개커버3050
328,방수베개커버,라텍스베개커버,프릴베개커버
329,방수베개커버,라텍스베개커버,호텔베개커버
330,방수베개커버,라텍스베개커버,경추베개커버
331,방수베개커버,라텍스베개커버,메모리폼베개커버
332,방수베개커버,호텔베개커버,베개커버5070
333,방수베개커버,호텔베개커버,베개커버4060
334,방수베개커버,호텔베개커버,큰베개커버
335,방수베개커버,호텔베개커버,순면 베개커버
336,방수베개커버,호텔베개커버,베개커버3050
337,방수베개커버,호텔베개커버,라텍스베개커버
338,방수베개커버,호텔베개커버,인견 베개커버
339,방수베개커버,호텔베개커버,누빔베개커버
340,방수베개커버,호텔베개커버,자루형 베개커버
341,방수베개커버,호텔베개커버,프릴베개커버
342,에르고휴먼,에르고휴먼v2,에르고휴먼 v2 pro
343,잠솔솔,잠솔솔 베개,잠솔솔 베개커버
344,잠솔솔,잠솔솔 베개,잠솔솔 경추베개
345,잠솔솔,잠솔솔 베개,잠솔솔
346,잠솔솔,잠솔솔 베개,리빙제이 베개
347,리빙제이,리빙제이 베개,가누다 베개
348,리빙제이,리빙제이 베개,템퍼 베개
349,리빙제이,리빙제이 베개,잠솔솔 베개
350,리빙제이,리빙제이 베개,닥터바르미 베개
351,리빙제이,리빙제이 베개,밀라 베개
352,리빙제이,리빙제이 베개,소닉슬립 베개
353,리빙제이,리빙제이 베개,슬리필로우 베개
354,발릴라,발릴라 매트리스,발릴라
355,발릴라,발릴라 매트리스,발릴라 몽제
356,발릴라,발릴라 매트리스,3d 그물망 매트리스
357,발릴라,발릴라 매트리스,몽제 발릴라
358,발릴라,발릴라 제빵기,가정용 제빵기
359,발릴라,발릴라 제빵기,비엔토 제빵기
360,발릴라,발릴라 제빵기,식빵제빵기
361,발릴라,발릴라 몽제,발릴라 매트리스
362,발릴라,발릴라 쿡스타일러,발릴라
363,발릴라,발릴라 아이스크림,발릴라 아이스크림 메이커
364,발릴라,발릴라 아이스크림,발릴라
365,발릴라,발릴라 아이스크림,아이스크림 제조기
366,거실쉬폰커튼,거실 커튼,32평거실커튼
367,거실쉬폰커튼,거실 커튼,거실암막커튼
368,거실쉬폰커튼,거실 커튼,24평거실커튼
369,거실쉬폰커튼,거실 커튼,34평거실커튼
370,거실쉬폰커튼,거실 커튼,거실쉬폰커튼
371,거실쉬폰커튼,거실 커튼,거실커튼인테리어
372,거실쉬폰커튼,거실 커튼,거실커튼세트
373,거실쉬폰커튼,거실 커튼,거실커튼봉
374,거실쉬폰커튼,거실 커튼,거실이중커튼
375,거실쉬폰커튼,거실 커튼,거실린넨커튼
376,프리미엄,대전 현대프리미엄아웃렛,대전 현대프리미엄아울렛 맛집
377,프리미엄,대전 현대프리미엄아웃렛,현대 프리미엄 아울렛 대전
378,프리미엄,대전 현대프리미엄아웃렛,대전 현대프리미엄아울렛 프라다
379,프리미엄,대전 현대프리미엄아웃렛,대전 현대프리미엄아울렛 나이키
380,프리미엄,대전 현대프리미엄아웃렛,대전현대프리미엄아울렛맛집 식당
381,프리미엄,대전 현대프리미엄아웃렛,대전 현대프리미엄아울렛 구찌
382,프리미엄,대전 현대프리미엄아웃렛,대전 현대프리미엄아울렛 메가박스
383,프리미엄,대전 현대프리미엄아웃렛,대전 현대프리미엄아울렛 주차
384,프리미엄,대전 현대프리미엄아웃렛,대전 현대프리미엄아울렛 키즈카페
385,프리미엄,대전 현대프리미엄아웃렛,대전 현대프리미엄아울렛 발렌시아가
386,프리미엄,유튜브 프리미엄 우회,유튜브 프리미엄 아르헨티나 우회
387,프리미엄,유튜브 프리미엄 우회,유튜브 프리미엄 우회 정지
388,프리미엄,유튜브 프리미엄 우회,유튜브 프리미엄 우회 가족
389,프리미엄,유튜브 프리미엄 우회,유튜브 프리미엄 우회 모바일
390,프리미엄,유튜브 프리미엄 우회,유튜브 프리미엄 우회 아르헨티나
391,프리미엄,유튜브 프리미엄 우회,유튜브 프리미엄 인도 우회
392,프리미엄,유튜브 프리미엄 우회,아이폰 유튜브 프리미엄 우회
393,프리미엄,유튜브 프리미엄 우회,유튜브 프리미엄 우회 결제
394,프리미엄,유튜브 프리미엄 우회,유튜브 프리미엄 우회 아이폰
395,프리미엄,유튜브 프리미엄 우회,유튜브 프리미엄 우회 주소
396,프리미엄,유튜브 프리미엄,유튜브 프리미엄 우회
397,프리미엄,유튜브 프리미엄,유튜브 프리미엄 가격
398,프리미엄,유튜브 프리미엄,유튜브 프리미엄 해지
399,프리미엄,유튜브 프리미엄,유튜브 프리미엄 가족
400,프리미엄,유튜브 프리미엄,유튜브 프리미엄 환불
401,프리미엄,유튜브 프리미엄,유튜브 프리미엄 아르헨티나
402,프리미엄,유튜브 프리미엄,유튜브 프리미엄 아르헨티나 우회
403,프리미엄,유튜브 프리미엄,유튜브 프리미엄 뮤직
404,프리미엄,유튜브 프리미엄,유튜브 프리미엄 무료체험
405,프리미엄,유튜브 프리미엄,유튜브 프리미엄 할인
406,프리미엄,김치프리미엄,비트코인 김치프리미엄
407,프리미엄,김치프리미엄,김치프리미엄 사이트
408,프리미엄,김치프리미엄,비트코인 김치프리미엄 사이트
409,프리미엄,유튜브 프리미엄 가격,아이폰 유튜브 프리미엄 가격
410,프리미엄,유튜브 프리미엄 가격,유튜브 프리미엄 가족 가격
411,프리미엄,유튜브 프리미엄 가격,유튜브 프리미엄 가격 인상
412,프리미엄,유튜브 프리미엄 가격,유튜브 프리미엄 우회
413,프리미엄,유튜브 프리미엄 가격,유튜브 프리미엄
414,프리미엄,유튜브 프리미엄 가격,유튜브 프리미엄 해지
415,프리미엄,유튜브 프리미엄 가격,유튜브 프리미엄 가족
416,프리미엄,유튜브 프리미엄 가격,유튜브 뮤직 가격
417,프리미엄,유튜브 프리미엄 가격,유튜브 프리미엄 아르헨티나 우회
418,프리미엄,유튜브 프리미엄 가격,유튜브 프리미엄 할인
419,프리미엄,호관원 프리미엄 가격,호관원 프리미엄골드 가격
420,프리미엄,호관원 프리미엄 가격,호관원 가격
421,프리미엄,호관원 프리미엄 가격,호관원 프리미엄
422,프리미엄,호관원 프리미엄 가격,호관원 프리미엄골드
423,프리미엄,호관원 프리미엄 가격,호관원 프리미엄 구매
424,프리미엄,롯데시네마 프리미엄구미센트럴,롯데시네마 프리미엄구미센트럴 주차
425,프리미엄,롯데시네마 프리미엄구미센트럴,롯데시네마 프리미엄구미센트럴 주차장
426,프리미엄,롯데시네마 프리미엄구미센트럴,구미 롯데시네마
427,프리미엄,롯데시네마 프리미엄구미센트럴,구미 공단 롯데시네마
428,프리미엄,롯데시네마 프리미엄구미센트럴,구미 프리미엄
429,프리미엄,프리미엄 고속버스,고속버스 프리미엄
430,프리미엄,프리미엄 고속버스,프리미엄 고속버스 좌석
431,프리미엄,프리미엄 고속버스,고속버스 우등 프리미엄
432,프리미엄,프리미엄 고속버스,프리미엄 고속버스 미러링
433,프리미엄,프리미엄 고속버스,프리미엄 고속버스 화장실
434,프리미엄,프리미엄 고속버스,프리미엄 고속버스 가격
435,프리미엄,프리미엄 고속버스,프리미엄 고속버스 와이파이
436,프리미엄,프리미엄 고속버스,프리미엄 고속버스 충전
437,프리미엄,프리미엄 고속버스,프리미엄 고속버스 좋은자리
438,프리미엄,프리미엄 고속버스,프리미엄 고속버스 부산
439,프리미엄,아로나민 골드 프리미엄,아로나민 골드 프리미엄 가격
440,프리미엄,아로나민 골드 프리미엄,아로나민 골드 프리미엄 성분
441,프리미엄,아로나민 골드 프리미엄,아로나민 골드
442,프리미엄,아로나민 골드 프리미엄,아로나민골드 가격
443,프리미엄,아로나민 골드 프리미엄,아로나민골드실버
444,프리미엄,아로나민 골드 프리미엄,아로나민실버프리미엄
445,프리미엄,아로나민 골드 프리미엄,일동제약 아로나민골드
446,프리미엄,아로나민 골드 프리미엄,아로나민골드프리미엄정
447,프리미엄,아로나민 골드 프리미엄,아로나민 골드 복용시간
448,프리미엄,아로나민 골드 프리미엄,아로나민골드 씨플러스
449,프리미엄,유튜브 프리미엄 해지,아이폰 유튜브 프리미엄 해지
450,프리미엄,유튜브 프리미엄 해지,유튜브 프리미엄 무료체험 해지
451,프리미엄,유튜브 프리미엄 해지,유튜브 프리미엄 해지 환불
452,프리미엄,유튜브 프리미엄 해지,유튜브 프리미엄 해지 방법
453,프리미엄,유튜브 프리미엄 해지,아이폰 유튜브 프리미엄 무료체험 해지
454,프리미엄,유튜브 프리미엄 해지,유튜브 프리미엄 우회
455,프리미엄,유튜브 프리미엄 해지,유튜브 프리미엄
456,프리미엄,유튜브 프리미엄 해지,유튜브 프리미엄 가격
457,프리미엄,유튜브 프리미엄 해지,유튜브 프리미엄 환불
458,프리미엄,유튜브 프리미엄 해지,kt 유튜브 프리미엄
459,기능성,기능성 반팔,기능성쿨반팔
460,기능성,기능성 반팔,무지기능성반팔
461,기능성,기능성 반팔,헬스 기능성 반팔
462,기능성,기능성 반팔,기능성 반팔 제작
463,기능성,기능성 반팔,남녀공용기능성반팔
464,기능성,기능성 반팔,기능성브이넥반팔
465,기능성,기능성 반팔,오버핏 반팔
466,기능성,기능성 반팔,머슬핏 반팔
467,기능성,기능성 반팔,드라이핏 반팔
468,기능성,기능성 반팔,폴리에스터 반팔
469,기능성,나이키 기능성 반팔,나이키 기능성 긴팔
470,기능성,나이키 기능성 반팔,아디다스 기능성 반팔
471,기능성,나이키 기능성 반팔,나이키 카라 반팔
472,기능성,나이키 기능성 반팔,나이키 트레일 반팔
473,기능성,나이키 기능성 반팔,뉴발란스 기능성 반팔
474,기능성,나이키 기능성 반팔,나이키 테니스 반팔
475,기능성,나이키 기능성 반팔,미즈노 기능성 반팔
476,기능성,나이키 기능성 반팔,나이키 운동 반팔
477,기능성,나이키 기능성 반팔,푸마 기능성 반팔
478,기능성,나이키 기능성 반팔,리복 기능성 반팔
479,기능성,기능성 반팔티,남성 기능성 반팔티
480,기능성,기능성 반팔티,여성 기능성 반팔티
481,기능성,기능성 반팔티,나이키 기능성 반팔티
482,기능성,기능성 반팔티,남자 기능성 반팔티
483,기능성,기능성 반팔티,노스페이스 기능성 반팔티
484,기능성,기능성 반팔티,기능성 카라 반팔티
485,기능성,기능성 반팔티,아디다스 기능성 반팔티
486,기능성,기능성 반팔티,여자 기능성 반팔티
487,기능성,기능성 반팔티,기능성 반팔
488,기능성,기능성 반팔티,나이키 기능성 반팔
489,기능성,기능성 긴팔,냉감 긴팔
490,기능성,기능성 긴팔,쿨링 긴팔
491,기능성,기능성 긴팔,자외선차단 긴팔
492,기능성,기능성 긴팔,긴팔 이너웨어
493,기능성,기능성 긴팔,컴프레션 긴팔
494,기능성,기능성 긴팔,등산 긴팔
495,기능성,기능성 긴팔,긴팔등산복
496,기능성,기능성 긴팔,긴팔 작업복
497,기능성,기능성 긴팔,스포츠 긴팔
498,기능성,기능성 긴팔,아웃도어긴팔
499,기능성,기능성 티셔츠,남성 기능성 티셔츠
500,기능성,기능성 티셔츠,여성기능성티셔츠
501,기능성,기능성 티셔츠,나이키 기능성 티셔츠
502,기능성,기능성 티셔츠,남자 기능성 티셔츠
503,기능성,기능성 티셔츠,키즈 기능성 티셔츠
504,기능성,기능성 티셔츠,아디다스 기능성 티셔츠
505,기능성,기능성 티셔츠,푸마 기능성 티셔츠
506,기능성,기능성 티셔츠,기능성반팔티셔츠
507,기능성,기능성 티셔츠,FILA 에센셜 기능성 코튼 반팔티셔츠 4종
508,기능성,기능성 티셔츠,기능성 긴팔티셔츠
509,기능성,슈올즈 기능성신발,슈올즈 기능성신발가격
510,기능성,슈올즈 기능성신발,기능성 신발
511,기능성,기능성신발깔창,라텍스신발깔창
512,기능성,기능성신발깔창,골프신발깔창
513,기능성,기능성신발깔창,신발쿠션깔창
514,기능성,기능성신발깔창,얇은신발깔창
515,기능성,기능성신발깔창,큰신발깔창
516,기능성,기능성신발깔창,푹신한신발깔창
517,기능성,기능성신발깔창,신발에어깔창
518,기능성,기능성방석,치질방석
519,기능성,기능성방석,베타젤방석
520,기능성,기능성방석,엉덩이방석
521,기능성,기능성방석,자세교정방석
522,기능성,기능성방석,체중분산방석
523,기능성,기능성방석,꼬리뼈방석
524,기능성,기능성방석,골반교정방석
525,기능성,기능성방석,공부방석
526,기능성,기능성방석,애플방석
527,기능성,기능성방석,공시생 방석
528,기능성,남자 기능성 반팔,남자 반팔
529,기능성,남자 기능성 반팔,기능성 반팔
530,기능성,남자 기능성 반팔,나이키 기능성 반팔
531,기능성,남자 기능성 반팔,남자반팔셔츠
532,기능성,남자 기능성 반팔,남자 기능성 긴팔
533,기능성,남자 기능성 반팔,여름 기능성 반팔
534,기능성,남자 기능성 반팔,남자 기능성 티셔츠
535,기능성,남자 기능성 반팔,남자 기능성티
536,기능성,나이키 기능성 긴팔,다이나핏 기능성 긴팔
537,기능성,나이키 기능성 긴팔,나이키긴팔저지
538,기능성,나이키 기능성 긴팔,푸마 기능성 긴팔
539,기능성,나이키 기능성 긴팔,뉴발란스 기능성 긴팔
540,기능성,나이키 기능성 긴팔,나이키 기능성 반팔
541,기능성,나이키 기능성 긴팔,언더아머 긴팔
542,기능성,나이키 기능성 긴팔,아디다스 긴팔
543,트웸코,트웸코 시계,트웸코 플립시계
544,트웸코,트웸코 시계,벽걸이 시계
545,트웸코,트웸코 시계,led시계
546,트웸코,트웸코 시계,욕실시계
547,트웸코,트웸코 시계,마지스 시계
548,트웸코,트웸코 시계,달력시계
549,트웸코,트웸코 시계,날짜 시계
550,트웸코,트웸코 시계,뉴게이트 시계
551,트웸코,트웸코 시계,조지넬슨시계
552,트웸코,트웸코 시계,미드센츄리 시계
553,비정형거울,비정형전신거울,수납 전신거울
554,비정형거울,비정형전신거울,원목전신거울
555,비정형거울,비정형전신거울,벽걸이전신거울
556,비정형거울,비정형전신거울,물결전신거울
557,비정형거울,비정형전신거울,엔틱 전신거울
558,비정형거울,비정형전신거울,조명전신거울
559,비정형거울,비정형전신거울,대형전신거울
560,비정형거울,비정형전신거울,아치형전신거울
561,비정형거울,비정형전신거울,웨이브전신거울
562,비정형거울,비정형전신거울,공주전신거울
563,비정형거울,비정형 탁상거울,비정형거울
564,알레르망냉감패드,알레르망 아스토 냉감패드,알레르망 냉감패드
565,알레르망냉감패드,알레르망 아스토 냉감패드,아스토 냉감패드
566,알레르망냉감패드,알레르망 아스토 냉감패드,알레르망 아스토
567,알레르망냉감패드,알레르망 쿨레이 냉감패드,알레르망 냉감패드
568,알레르망냉감패드,알레르망 쿨레이 냉감패드,알레르망 쿨레이
569,알레르망냉감패드,알레르망 냉감패드 세탁,알레르망 여름패드
570,알레르망냉감패드,알레르망 냉감패드 q,알레르망 냉감패드
571,알레르망냉감패드,냉감패드,히말라야 냉감패드
572,알레르망냉감패드,냉감패드,쿨링냉감패드
573,알레르망냉감패드,냉감패드,냉감침대패드
574,알레르망냉감패드,냉감패드,아스토 냉감패드
575,알레르망냉감패드,냉감패드,씨가드 냉감패드
576,알레르망냉감패드,냉감패드,듀라론 냉감패드
577,알레르망냉감패드,냉감패드,쿨쿨냉감패드
578,알레르망냉감패드,냉감패드,아이스셀 냉감패드
579,알레르망냉감패드,냉감패드,냉감쿨패드
580,알레르망냉감패드,냉감패드,냉감패드ss
581,알레르망냉감패드,세사 냉감패드,냉감패드
582,알레르망냉감패드,세사 냉감패드,알레르망 냉감패드
583,알레르망냉감패드,세사 냉감패드,세사리빙 냉감패드
584,알레르망냉감패드,세사 냉감패드,코스트코 냉감패드
585,알레르망냉감패드,세사 냉감패드,세사 패드
586,알레르망냉감패드,세사 냉감패드,소프라움 냉감패드
587,알레르망냉감패드,세사 냉감패드,세사 냉감이불
588,알레르망냉감패드,세사 냉감패드,세사 냉감
589,알레르망냉감패드,세사 냉감패드,세사
590,알레르망냉감패드,세사 냉감패드,세사 이불
591,알레르망냉감패드,세사리빙 냉감패드,알레르망 냉감패드
592,알레르망냉감패드,세사리빙 냉감패드,레노마 냉감패드
593,알레르망냉감패드,세사리빙 냉감패드,자주 냉감패드
594,알레르망냉감패드,세사리빙 냉감패드,모던하우스 냉감패드
595,알레르망냉감패드,세사리빙 냉감패드,세사리빙 침대패드
596,알레르망냉감패드,알레르망 인견패드,알레르망 냉감패드
597,알레르망냉감패드,알레르망 인견패드,인견 침대패드
598,알레르망냉감패드,알레르망 인견패드,세사 인견패드
599,알레르망냉감패드,알레르망 인견패드,알레르망 패드 ss
600,알레르망냉감패드,알레르망 인견패드,알레르망 침구세트
601,알레르망냉감패드,알레르망 여름패드,알레르망 냉감패드
602,알레르망냉감패드,알레르망 여름패드,알레르망 인견패드
603,알레르망냉감패드,알레르망 여름패드,알레르망 침대패드
604,알레르망냉감패드,이브자리 냉감패드,알레르망 냉감패드
605,알레르망냉감패드,이브자리 냉감패드,세사리빙 냉감패드
606,알레르망냉감패드,이브자리 냉감패드,레노마 냉감패드
607,알레르망냉감패드,이브자리 냉감패드,슬립앤슬립 냉감패드
608,알레르망냉감패드,이브자리 냉감패드,이브자리 쿨패드
609,이불토퍼,토퍼 매트리스,토퍼 매트리스 퀸
610,이불토퍼,토퍼 매트리스,하드 토퍼 매트리스
611,이불토퍼,토퍼 매트리스,매트리스 위 토퍼
612,이불토퍼,토퍼 매트리스,토퍼 매트리스 제작
613,이불토퍼,토퍼 매트리스,더블매트리스토퍼
614,이불토퍼,토퍼 매트리스,침대매트리스
615,이불토퍼,토퍼 매트리스,라텍스매트리스
616,이불토퍼,토퍼 매트리스,슬로우 토퍼
617,이불토퍼,토퍼 매트리스,메모리폼 매트리스
618,이불토퍼,토퍼 매트리스,마약 매트리스
619,이불토퍼,슬로우 토퍼,슬로우 토퍼 맥시멈
620,이불토퍼,슬로우 토퍼,슬로우 매트리스 토퍼
621,이불토퍼,슬로우 토퍼,슬로우 토퍼 커버
622,이불토퍼,슬로우 토퍼,슬로우 토퍼 베이직
623,이불토퍼,슬로우 토퍼,슬로우베드 토퍼
624,이불토퍼,슬로우 토퍼,슬로우 토퍼 매장
625,이불토퍼,슬로우 토퍼,슬로우 토퍼 프리미엄
626,이불토퍼,슬로우 토퍼,슬로우 토퍼 매트리스
627,이불토퍼,슬로우 토퍼,슬로우 토퍼 보관
628,이불토퍼,슬로우 토퍼,슬로우 토퍼 싱글
629,이불토퍼,슈퍼싱글 토퍼,슈퍼싱글침대토퍼
630,이불토퍼,슈퍼싱글 토퍼,쿨토퍼
631,이불토퍼,슈퍼싱글 토퍼,삼둥이 토퍼
632,이불토퍼,슈퍼싱글 토퍼,접이식토퍼
633,이불토퍼,슈퍼싱글 토퍼,누보레 토퍼
634,이불토퍼,슈퍼싱글 토퍼,쿨링 토퍼
635,이불토퍼,슈퍼싱글 토퍼,요토퍼
636,이불토퍼,슈퍼싱글 토퍼,라텍스토퍼
637,이불토퍼,슈퍼싱글 토퍼,메모리폼토퍼
638,이불토퍼,슈퍼싱글 토퍼,두꺼운 토퍼
639,이불토퍼,접이식토퍼,4단 접이식 토퍼
640,이불토퍼,접이식토퍼,접이식 토퍼 커버
641,이불토퍼,접이식토퍼,토퍼 매트리스
642,이불토퍼,접이식토퍼,슬로우 토퍼
643,이불토퍼,접이식토퍼,슈퍼싱글 토퍼
644,이불토퍼,접이식토퍼,침대토퍼
645,이불토퍼,접이식토퍼,누보레 토퍼
646,이불토퍼,접이식토퍼,캠핑 토퍼
647,이불토퍼,접이식토퍼,요토퍼
648,이불토퍼,접이식토퍼,라텍스토퍼
649,이불토퍼,침대토퍼,패밀리침대 토퍼
650,이불토퍼,침대토퍼,흙침대 토퍼
651,이불토퍼,침대토퍼,침대위토퍼
652,이불토퍼,침대토퍼,퀸침대토퍼
653,이불토퍼,침대토퍼,침대토퍼패드
654,이불토퍼,침대토퍼,더블침대 토퍼
655,이불토퍼,침대토퍼,토퍼 매트리스
656,이불토퍼,침대토퍼,슬로우 토퍼
657,이불토퍼,침대토퍼,쿨토퍼
658,이불토퍼,침대토퍼,슈퍼싱글 토퍼
659,이불토퍼,요토퍼,토퍼
660,이불토퍼,요토퍼,요매트
661,이불토퍼,라텍스토퍼,천연라텍스 토퍼
662,이불토퍼,라텍스토퍼,토퍼 매트리스
663,이불토퍼,라텍스토퍼,슬로우 토퍼
664,이불토퍼,라텍스토퍼,슈퍼싱글 토퍼
665,이불토퍼,라텍스토퍼,삼둥이 토퍼
666,이불토퍼,라텍스토퍼,접이식토퍼
667,이불토퍼,라텍스토퍼,침대토퍼
668,이불토퍼,라텍스토퍼,누보레 토퍼
669,이불토퍼,라텍스토퍼,메모리폼토퍼
670,이불토퍼,라텍스토퍼,찹쌀떡 토퍼
671,이불토퍼,메모리폼토퍼,메모리폼 커버
672,이불토퍼,메모리폼토퍼,고밀도 메모리폼
673,이불토퍼,메모리폼토퍼,토퍼 매트리스
674,이불토퍼,메모리폼토퍼,슬로우 토퍼
675,이불토퍼,메모리폼토퍼,슈퍼싱글 토퍼
676,이불토퍼,메모리폼토퍼,누보레 토퍼
677,이불토퍼,메모리폼토퍼,돌침대 토퍼
678,이불토퍼,메모리폼토퍼,차박 토퍼
679,이불토퍼,메모리폼토퍼,삼분의일 토퍼
680,이불토퍼,메모리폼토퍼,두꺼운 토퍼
681,이불토퍼,토퍼패드,토퍼 매트리스
682,이불토퍼,토퍼패드,슬로우 토퍼
683,이불토퍼,토퍼패드,쿨토퍼
684,이불토퍼,토퍼패드,슈퍼싱글 토퍼
685,이불토퍼,토퍼패드,접이식토퍼
686,이불토퍼,토퍼패드,침대토퍼
687,이불토퍼,토퍼패드,요토퍼
688,이불토퍼,토퍼패드,라텍스토퍼
689,이불토퍼,토퍼패드,메모리폼토퍼
690,이불토퍼,토퍼패드,극세사토퍼
691,이불토퍼,토퍼세트,이불토퍼세트
692,이불토퍼,토퍼세트,토퍼이불세트
693,시어서커,시어서커 이불,시어서커 세트
694,시어서커,시어서커 이불,뱀부 시어서커
695,시어서커,시어서커 이불,풍기인견 시어서커
696,시어서커,시어서커 이불,모달 시어서커
697,시어서커,시어서커 이불,시어서커 차렵
698,시어서커,시어서커 이불,시어서커 프릴
699,시어서커,시어서커 이불,면시어서커
700,시어서커,시어서커 원피스,시어서커 롱원피스
701,시어서커,시어서커 원피스,시어서커 체크 원피스
702,시어서커,시어서커 원피스,시어서커퍼프원피스
703,시어서커,시어서커 원피스,시어서커 셔츠 원피스
704,시어서커,시어서커 원피스,시어서커스트라이프원피스
705,시어서커,시어서커 원피스,티어드시어서커원피스
706,시어서커,시어서커 원피스,린넨원피스
707,시어서커,시어서커 원피스,쉬폰 원피스
708,시어서커,시어서커 원피스,바스락원피스
709,시어서커,시어서커 원피스,펀칭원피스
710,시어서커,시어서커 셔츠,시어서커 스트라이프 셔츠
711,시어서커,시어서커 셔츠,시어서커체크셔츠
712,시어서커,시어서커 셔츠,오버핏시어서커셔츠
713,시어서커,시어서커 셔츠,린넨셔츠
714,시어서커,시어서커 셔츠,옥스포드 셔츠
715,시어서커,시어서커 셔츠,링클프리 셔츠
716,시어서커,시어서커 셔츠,헨리넥 셔츠
717,시어서커,시어서커 셔츠,br 셔츠
718,시어서커,시어서커 셔츠,거즈면 셔츠
719,시어서커,시어서커 셔츠,레이온 셔츠
720,시어서커,폴로 시어서커 셔츠,폴로 린넨셔츠
721,시어서커,폴로 시어서커 셔츠,폴로 반팔셔츠
722,시어서커,폴로 시어서커 셔츠,폴로 옥스포드 셔츠
723,시어서커,폴로 시어서커 셔츠,폴로 스트라이프 셔츠
724,시어서커,폴로 시어서커 셔츠,폴로 클래식핏 셔츠
725,시어서커,폴로 시어서커 셔츠,폴로 포플린 셔츠
726,시어서커,폴로 시어서커 셔츠,폴로 가먼트다이 셔츠
727,시어서커,폴로 시어서커 셔츠,폴로 체크셔츠
728,시어서커,폴로 시어서커 셔츠,폴로 화이트 셔츠
729,시어서커,폴로 시어서커 셔츠,폴로 샴브레이 셔츠
730,시어서커,시어서커 패드,시어서커 침대패드
731,시어서커,시어서커 패드,시어서커 밴딩패드
732,시어서커,시어서커 패드,시어서커싱글패드
733,시어서커,시어서커 패드,뱀부 시어서커 패드
734,시어서커,시어서커 패드,시어서커패드킹
735,시어서커,시어서커 패드,시어서커 패밀리패드
736,시어서커,시어서커 패드,슈퍼싱글 패드
737,시어서커,시어서커 패드,풍기인견 패드
738,시어서커,시어서커 패드,누빔패드
739,시어서커,시어서커 패드,모달패드
740,시어서커,시어서커 잠옷,시어서커 잠옷바지
741,시어서커,시어서커 잠옷,시어서커 원피스 잠옷
742,시어서커,시어서커 잠옷,냉장고 잠옷
743,시어서커,시어서커 잠옷,요루면 잠옷
744,시어서커,시어서커 잠옷,민소매 잠옷
745,시어서커,시어서커 잠옷,레이온 잠옷
746,시어서커,시어서커 잠옷,반팔 긴바지 잠옷
747,시어서커,시어서커 잠옷,풍기인견 잠옷
748,시어서커,시어서커 잠옷,냉감 잠옷
749,시어서커,시어서커 잠옷,체크 잠옷
750,시어서커,시어서커 블라우스,odv시어서커블라우스
751,시어서커,시어서커 블라우스,지컷 시어서커블라우스
752,시어서커,시어서커 블라우스,퍼프 블라우스
753,시어서커,시어서커 블라우스,반팔 블라우스
754,시어서커,시어서커 블라우스,쉬폰 블라우스
755,시어서커,시어서커 블라우스,린넨블라우스
756,시어서커,시어서커 블라우스,스퀘어넥 블라우스
757,시어서커,시어서커 블라우스,쉬즈미스 블라우스
758,시어서커,시어서커 블라우스,시어서커 셔츠
759,시어서커,시어서커 블라우스,화이트블라우스
760,시어서커,시어서커 자켓,폴로 시어서커 자켓
761,시어서커,시어서커 자켓,여성 시어서커 자켓
762,시어서커,시어서커 자켓,남자 시어서커 자켓
763,시어서커,시어서커 자켓,시어서커
764,시어서커,시어서커 자켓,시어서커 셔츠
765,시어서커,시어서커 자켓,시어서커 셋업
766,시어서커,시어서커 자켓,시어서커 점퍼
767,시어서커,시어서커 자켓,시어서커 블레이저
768,시어서커,시어서커 자켓,시어서커 가디건
769,시어서커,폴로 시어서커,폴로 시어서커 셔츠
770,시어서커,폴로 시어서커,폴로 시어서커 반팔
771,시어서커,폴로 시어서커,폴로 시어서커 스트라이프
772,시어서커,폴로 시어서커,폴로 클래식핏
773,시어서커,폴로 시어서커,브룩스브라더스 시어서커
774,시어서커,폴로 시어서커,폴로 가먼트다이
775,시어서커,폴로 시어서커,라코스테 시어서커
776,시어서커,폴로 시어서커,빈폴 시어서커
777,시어서커,폴로 시어서커,폴로 랄프로렌
778,시어서커,시어서커 바지,남자 시어서커 바지
779,시어서커,시어서커 바지,시어서커 잠옷바지
780,시어서커,시어서커 바지,시어서커
781,시어서커,시어서커 바지,시어서커 원피스
782,시어서커,시어서커 바지,시어서커 잠옷
783,시어서커,시어서커 바지,시어서커 팬츠
784,시어서커,시어서커 바지,시어서커 반바지
785,아로마버너,아로마 오일 버너,아로마오일전기버너
786,아로마버너,아로마 오일 버너,아로마오일 워머
787,아로마버너,아로마 오일 버너,반얀트리 오일버너
788,아로마버너,아로마 오일 버너,아로마오일 램프
789,아로마버너,아로마 오일 버너,아로마오일 발향기
790,아로마버너,아로마 오일 버너,캔들버너
791,아로마버너,아로마 오일 버너,아로마오일거치대
792,아로마버너,아로마 발향기,아로마 디퓨저
793,아로마버너,아로마 발향기,아로마 발향
794,방음재,현관 방음재,현관문 방음재
795,방음재,현관 방음재,현관 방음
796,방음재,창문 방음재,방음재
797,방음재,창문 방음재,창문 방음
798,방음재,가정용방음재,가정용방음재 계란
799,방음재,가정용방음재,가정용방음재 졸업
800,방음재,가정용방음재,가정용방음재 친환경
801,방음재,가정용방음재,가정용방음재 독서
802,방음재,가정용방음재,가정용방음재 기사
803,방음재,가정용방음재,가정용방음재 음악
804,방음재,방음재효과,방음재
805,마지스트롤리,이케아 트롤리,이케아 트롤리 수납함
806,마지스트롤리,이케아 트롤리,이케아 3단 트롤리
807,마지스트롤리,이케아 트롤리,이케아수납트롤리
808,마지스트롤리,이케아 트롤리,이케아 기저귀 트롤리
809,마지스트롤리,이케아 트롤리,이케아 트롤리 대형
810,마지스트롤리,이케아 트롤리,이케아 트롤리 소형
811,마지스트롤리,이케아 트롤리,이케아 철제 트롤리
812,마지스트롤리,이케아 트롤리,보비트롤리
813,마지스트롤리,이케아 트롤리,마켓비 트롤리
814,마지스트롤리,이케아 트롤리,한샘 트롤리
815,마지스트롤리,보비트롤리,보비트롤리 34
816,마지스트롤리,보비트롤리,몰룸 보비트롤리
817,마지스트롤리,보비트롤리,이케아 트롤리
818,마지스트롤리,보비트롤리,마켓비 트롤리
819,마지스트롤리,보비트롤리,한샘 트롤리
820,마지스트롤리,보비트롤리,비라인 트롤리
821,마지스트롤리,보비트롤리,모던하우스 트롤리
822,마지스트롤리,보비트롤리,원목 트롤리
823,마지스트롤리,보비트롤리,접이식 트롤리
824,마지스트롤리,보비트롤리,마지스트롤리
825,마지스트롤리,마켓비 트롤리,마켓비 원목트롤리
826,마지스트롤리,마켓비 트롤리,이케아 트롤리
827,마지스트롤리,마켓비 트롤리,한샘 트롤리
828,마지스트롤리,마켓비 트롤리,모던하우스 트롤리
829,마지스트롤리,마켓비 트롤리,주방 트롤리
830,마지스트롤리,마켓비 트롤리,접이식 트롤리
831,마지스트롤리,마켓비 트롤리,2단 트롤리
832,마지스트롤리,마켓비 트롤리,우드 트롤리
833,마지스트롤리,마켓비 트롤리,5단 트롤리
834,마지스트롤리,마켓비 트롤리,회전 트롤리
835,마지스트롤리,한샘 트롤리,한샘 모리 트롤리
836,마지스트롤리,한샘 트롤리,한샘 재크 트롤리
837,마지스트롤리,한샘 트롤리,한샘 3단 트롤리
838,마지스트롤리,한샘 트롤리,한샘 재크플러스 트롤리
839,마지스트롤리,한샘 트롤리,이케아 트롤리
840,마지스트롤리,한샘 트롤리,보비트롤리
841,마지스트롤리,한샘 트롤리,마켓비 트롤리
842,마지스트롤리,한샘 트롤리,비라인 트롤리
843,마지스트롤리,한샘 트롤리,모던하우스 트롤리
844,마지스트롤리,한샘 트롤리,주방 트롤리
845,마지스트롤리,비라인 트롤리,이케아 트롤리
846,마지스트롤리,비라인 트롤리,보비트롤리
847,마지스트롤리,비라인 트롤리,마켓비 트롤리
848,마지스트롤리,비라인 트롤리,한샘 트롤리
849,마지스트롤리,비라인 트롤리,모던하우스 트롤리
850,마지스트롤리,비라인 트롤리,주방 트롤리
851,마지스트롤리,비라인 트롤리,원목 트롤리
852,마지스트롤리,비라인 트롤리,접이식 트롤리
853,마지스트롤리,비라인 트롤리,2단 트롤리
854,마지스트롤리,비라인 트롤리,마지스트롤리
855,마지스트롤리,모던하우스 트롤리,모던하우스 3단 트롤리
856,마지스트롤리,모던하우스 트롤리,이케아 트롤리
857,마지스트롤리,모던하우스 트롤리,보비트롤리
858,마지스트롤리,모던하우스 트롤리,마켓비 트롤리
859,마지스트롤리,모던하우스 트롤리,한샘 트롤리
860,마지스트롤리,모던하우스 트롤리,주방 트롤리
861,마지스트롤리,모던하우스 트롤리,원목 트롤리
862,마지스트롤리,모던하우스 트롤리,접이식 트롤리
863,마지스트롤리,모던하우스 트롤리,2단 트롤리
864,마지스트롤리,모던하우스 트롤리,마지스트롤리
865,마지스트롤리,원목 트롤리,원목3단트롤리
866,마지스트롤리,원목 트롤리,원목 이동식 트롤리
867,마지스트롤리,원목 트롤리,이케아 트롤리
868,마지스트롤리,원목 트롤리,보비트롤리
869,마지스트롤리,원목 트롤리,마켓비 트롤리
870,마지스트롤리,원목 트롤리,한샘 트롤리
871,마지스트롤리,원목 트롤리,모던하우스 트롤리
872,마지스트롤리,원목 트롤리,주방 트롤리
873,마지스트롤리,원목 트롤리,접이식 트롤리
874,마지스트롤리,원목 트롤리,2단 트롤리
875,마지스트롤리,접이식 트롤리,접이식3단트롤리
876,마지스트롤리,접이식 트롤리,이케아 트롤리
877,마지스트롤리,접이식 트롤리,보비트롤리
878,마지스트롤리,접이식 트롤리,마켓비 트롤리
879,마지스트롤리,접이식 트롤리,모던하우스 트롤리
880,마지스트롤리,접이식 트롤리,주방 트롤리
881,마지스트롤리,접이식 트롤리,원목 트롤리
882,마지스트롤리,접이식 트롤리,페자니 트롤리
883,마지스트롤리,접이식 트롤리,마지스트롤리
884,마지스트롤리,접이식 트롤리,미드센추리 트롤리
885,마지스트롤리,서랍 트롤리,회전서랍트롤리
886,마지스트롤리,서랍 트롤리,이동식 서랍 트롤리
887,마지스트롤리,서랍 트롤리,이케아 트롤리
888,마지스트롤리,서랍 트롤리,보비트롤리
889,마지스트롤리,서랍 트롤리,마켓비 트롤리
890,마지스트롤리,서랍 트롤리,한샘 트롤리
891,마지스트롤리,서랍 트롤리,3단 트롤리
892,마지스트롤리,서랍 트롤리,틈새 트롤리
893,마지스트롤리,서랍 트롤리,주방 트롤리
894,마지스트롤리,서랍 트롤리,원목 트롤리
895,마지스트롤리,usm 트롤리,usm
896,본베베침대가드,본베베 침대가드 200,본베베 침대가드
897,본베베침대가드,침대 안전가드,노인침대안전가드
898,본베베침대가드,침대 안전가드,bbz 침대가드
899,본베베침대가드,침대 안전가드,원목침대가드
900,본베베침대가드,침대 안전가드,어린이침대가드
901,본베베침대가드,침대 안전가드,침대 사이드가드
902,본베베침대가드,침대 안전가드,접이식침대가드
903,본베베침대가드,침대 안전가드,원목 안전가드
904,본베베침대가드,침대 안전가드,침대보호가드
905,본베베침대가드,침대 안전가드,매트리스 안전가드
906,본베베침대가드,침대 안전가드,침대 낙상방지
907,본베베침대가드,bbz 침대가드,baby bbz 침대가드
908,본베베침대가드,bbz 침대가드,본베베 침대가드
909,본베베침대가드,bbz 침대가드,침대 가드
910,본베베침대가드,bbz 침대가드,한샘 침대가드
911,본베베침대가드,bbz 침대가드,한샘 샘키즈 침대 가드
912,본베베침대가드,bbz 침대가드,baby bbz
913,본베베침대가드,bbz 침대가드,쿠시노 bbz
914,본베베침대가드,원목침대가드,침대 안전가드
915,본베베침대가드,원목침대가드,어린이침대가드
916,본베베침대가드,원목침대가드,침대 사이드가드
917,본베베침대가드,원목침대가드,침대보호가드
918,본베베침대가드,원목침대가드,원목 안전가드
919,본베베침대가드,원목침대가드,높은 침대 가드
920,본베베침대가드,유아침대가드,침대 안전가드
921,본베베침대가드,유아침대가드,bbz 침대가드
922,본베베침대가드,유아침대가드,침대가드쿠션
923,본베베침대가드,유아침대가드,원목침대가드
924,본베베침대가드,유아침대가드,어린이침대가드
925,본베베침대가드,유아침대가드,유아침대쿠션
926,본베베침대가드,유아침대가드,유아침대프레임
927,본베베침대가드,한샘 침대가드,본베베 침대가드
928,본베베침대가드,한샘 침대가드,한샘 침대프레임
929,본베베침대가드,한샘 침대가드,bbz 침대가드
930,본베베침대가드,한샘 침대가드,한샘 아임빅 침대
931,본베베침대가드,한샘 침대가드,원목침대가드
932,본베베침대가드,한샘 침대가드,어린이침대가드
933,본베베침대가드,한샘 침대가드,한샘 안전가드
934,본베베침대가드,한샘 침대가드,한샘 침대헤드
935,본베베침대가드,쿠시노 침대가드,본베베 침대가드 쿠시노
936,본베베침대가드,쿠시노 침대가드,일룸 쿠시노침대 가드
937,본베베침대가드,쿠시노 침대가드,본베베 침대가드
938,본베베침대가드,쿠시노 침대가드,침대가드쿠션
939,본베베침대가드,쿠시노 침대가드,일룸 쿠시노 아기침대
940,본베베침대가드,쿠시노 침대가드,쿠시노 본베베
941,본베베침대가드,아가드 침대가드,침대 가드
942,본베베침대가드,아가드 침대가드,아가드
943,본베베침대가드,어린이침대가드,침대 안전가드
944,본베베침대가드,어린이침대가드,bbz 침대가드
945,본베베침대가드,어린이침대가드,원목침대가드
946,본베베침대가드,어린이침대가드,어린이슈퍼싱글침대
947,본베베침대가드,어린이침대가드,유아침대가드
948,본베베침대가드,어린이침대가드,어린이원목침대
949,본베베침대가드,어린이침대가드,주니어침대가드
950,본베베침대가드,어린이침대가드,어린이 범퍼침대
951,본베베침대가드,어린이침대가드,어린이침대캐노피
952,캥거루앞치마,카페앞치마,어린이집 앞치마
953,캥거루앞치마,카페앞치마,린넨앞치마
954,캥거루앞치마,카페앞치마,방수 앞치마
955,캥거루앞치마,카페앞치마,원피스 앞치마
956,캥거루앞치마,카페앞치마,원피스형 앞치마
957,캥거루앞치마,카페앞치마,미용실앞치마
958,캥거루앞치마,카페앞치마,허리앞치마
959,캥거루앞치마,카페앞치마,주방앞치마
960,캥거루앞치마,카페앞치마,데님앞치마
961,캥거루앞치마,카페앞치마,앞치마제작
962,캥거루앞치마,어린이집 앞치마,어린이집 교사 앞치마
963,캥거루앞치마,어린이집 앞치마,카페앞치마
964,캥거루앞치마,어린이집 앞치마,린넨앞치마
965,캥거루앞치마,어린이집 앞치마,방수 앞치마
966,캥거루앞치마,어린이집 앞치마,원피스 앞치마
967,캥거루앞치마,어린이집 앞치마,원피스형 앞치마
968,캥거루앞치마,어린이집 앞치마,허리앞치마
969,캥거루앞치마,어린이집 앞치마,주방앞치마
970,캥거루앞치마,어린이집 앞치마,데님앞치마
971,캥거루앞치마,어린이집 앞치마,프릴앞치마
972,캥거루앞치마,린넨앞치마,린넨롱앞치마
973,캥거루앞치마,린넨앞치마,린넨허리앞치마
974,캥거루앞치마,린넨앞치마,린넨하프앞치마
975,캥거루앞치마,린넨앞치마,카페앞치마
976,캥거루앞치마,린넨앞치마,어린이집 앞치마
977,캥거루앞치마,린넨앞치마,방수 앞치마
978,캥거루앞치마,린넨앞치마,원피스 앞치마
979,캥거루앞치마,린넨앞치마,원피스형 앞치마
980,캥거루앞치마,린넨앞치마,주방앞치마
981,캥거루앞치마,린넨앞치마,데님앞치마
982,캥거루앞치마,방수 앞치마,주방방수앞치마
983,캥거루앞치마,방수 앞치마,우레탄방수앞치마
984,캥거루앞치마,방수 앞치마,미용방수앞치마
985,캥거루앞치마,방수 앞치마,방수앞치마도매
986,캥거루앞치마,방수 앞치마,방수 롱 앞치마
987,캥거루앞치마,방수 앞치마,방수허리앞치마
988,캥거루앞치마,방수 앞치마,h형 방수앞치마
989,캥거루앞치마,방수 앞치마,메쉬방수앞치마
990,캥거루앞치마,방수 앞치마,프릴방수앞치마
991,캥거루앞치마,방수 앞치마,생활방수앞치마
992,캥거루앞치마,원피스 앞치마,롱원피스앞치마
993,캥거루앞치마,원피스 앞치마,통원피스앞치마
994,캥거루앞치마,원피스 앞치마,블랙원피스앞치마
995,캥거루앞치마,원피스 앞치마,카페앞치마
996,캥거루앞치마,원피스 앞치마,어린이집 앞치마
997,캥거루앞치마,원피스 앞치마,린넨앞치마
998,캥거루앞치마,원피스 앞치마,방수 앞치마
999,캥거루앞치마,원피스 앞치마,원피스형 앞치마
1000,캥거루앞치마,원피스 앞치마,미용실앞치마
1001,캥거루앞치마,원피스 앞치마,주방앞치마
1002,캥거루앞치마,원피스형 앞치마,린넨 원피스형 앞치마
1003,캥거루앞치마,원피스형 앞치마,롱앞치마원피스형
1004,캥거루앞치마,원피스형 앞치마,원피스형방수앞치마
1005,캥거루앞치마,원피스형 앞치마,카페앞치마
1006,캥거루앞치마,원피스형 앞치마,어린이집 앞치마
1007,캥거루앞치마,원피스형 앞치마,원피스 앞치마
1008,캥거루앞치마,원피스형 앞치마,미용실앞치마
1009,캥거루앞치마,원피스형 앞치마,주방앞치마
1010,캥거루앞치마,원피스형 앞치마,프릴앞치마
1011,캥거루앞치마,원피스형 앞치마,보육교사 앞치마
1012,캥거루앞치마,미용실앞치마,미용실롱앞치마
1013,캥거루앞치마,미용실앞치마,미용실투명앞치마
1014,캥거루앞치마,미용실앞치마,카페앞치마
1015,캥거루앞치마,미용실앞치마,린넨앞치마
1016,캥거루앞치마,미용실앞치마,방수 앞치마
1017,캥거루앞치마,미용실앞치마,원피스 앞치마
1018,캥거루앞치마,미용실앞치마,허리앞치마
1019,캥거루앞치마,미용실앞치마,주방앞치마
1020,캥거루앞치마,미용실앞치마,데님앞치마
1021,캥거루앞치마,미용실앞치마,프릴앞치마
1022,캥거루앞치마,허리앞치마,린넨허리앞치마
1023,캥거루앞치마,허리앞치마,방수허리앞치마
1024,캥거루앞치마,허리앞치마,허리롱앞치마
1025,캥거루앞치마,허리앞치마,데님허리앞치마
1026,캥거루앞치마,허리앞치마,카페앞치마
1027,캥거루앞치마,허리앞치마,원피스 앞치마
1028,캥거루앞치마,허리앞치마,주방앞치마
1029,캥거루앞치마,허리앞치마,프릴앞치마
1030,캥거루앞치마,허리앞치마,식당앞치마
1031,캥거루앞치마,허리앞치마,작업용 앞치마
1032,캥거루앞치마,주방앞치마,주방비닐앞치마
1033,캥거루앞치마,주방앞치마,카페앞치마
1034,캥거루앞치마,주방앞치마,린넨앞치마
1035,캥거루앞치마,주방앞치마,방수 앞치마
1036,캥거루앞치마,주방앞치마,원피스 앞치마
1037,캥거루앞치마,주방앞치마,미용실앞치마
1038,캥거루앞치마,주방앞치마,허리앞치마
1039,캥거루앞치마,주방앞치마,데님앞치마
1040,캥거루앞치마,주방앞치마,프릴앞치마
1041,캥거루앞치마,주방앞치마,식당앞치마
1042,캥거루앞치마,데님앞치마,데님원피스앞치마
1043,캥거루앞치마,데님앞치마,데님허리앞치마
1044,캥거루앞치마,데님앞치마,데님롱앞치마
1045,캥거루앞치마,데님앞치마,카페앞치마
1046,캥거루앞치마,데님앞치마,어린이집 앞치마
1047,캥거루앞치마,데님앞치마,린넨앞치마
1048,캥거루앞치마,데님앞치마,방수 앞치마
1049,캥거루앞치마,데님앞치마,미용실앞치마
1050,캥거루앞치마,데님앞치마,주방앞치마
1051,캥거루앞치마,데님앞치마,앞치마제작
1052,침대커튼,벙커침대 커튼,2층침대 커튼
1053,침대커튼,벙커침대 커튼,벙커침대 가림막
1054,침대커튼,벙커침대 커튼,침대가림막커튼
1055,침대커튼,벙커침대 커튼,침대 암막커튼
1056,침대커튼,벙커침대 커튼,기숙사 커튼
1057,침대커튼,벙커침대 커튼,압축봉 커튼 세트
1058,침대커튼,2층침대 커튼,침대 커튼
1059,침대커튼,2층침대 커튼,벙커침대 커튼
1060,침대커튼,기숙사 침대 커튼,침대 커튼
1061,침대커튼,침대 암막커튼,침대 커튼
1062,침대커튼,침대스커트,스커트침대커버
1063,침대커튼,침대스커트,숏침대스커트
1064,침대커튼,침대스커트,레이스침대스커트
1065,침대커튼,침대스커트,광목침대스커트
1066,침대커튼,침대스커트,방수침대스커트
1067,침대커튼,침대스커트,침대스커트 킹
1068,침대커튼,침대스커트,누빔침대스커트
1069,침대커튼,침대스커트,더블침대스커트
1070,침대커튼,침대스커트,퀸침대스커트
1071,침대커튼,침대스커트,호텔식 침대스커트
1072,침대커튼,침대 캐노피,침대암막캐노피
1073,침대커튼,침대 캐노피,공주침대캐노피
1074,침대커튼,침대 캐노피,어린이침대캐노피
1075,침대커튼,침대 캐노피,유아침대캐노피
1076,침대커튼,침대 캐노피,2층침대 캐노피
1077,침대커튼,침대 캐노피,침대 사각캐노피
1078,침대커튼,침대 캐노피,싱글침대 캐노피
1079,침대커튼,침대 캐노피,여아캐노피
1080,침대커튼,침대 캐노피,나뭇잎 캐노피
1081,침대커튼,침대 캐노피,사무실 캐노피
1082,침대커튼,침대 가림막,침대 밑 가림막
1083,침대커튼,침대 가림막,침대 캐노피
1084,침대커튼,침대 가림막,침대 커튼
1085,침대커튼,침대 가림막,침대 파티션
1086,침대커튼,이층침대 커튼,침대 커튼
1087,침대커튼,이층침대 커튼,벙커침대 커튼
1088,침대커튼,침대 레이스,레이스침대커버
1089,침대커튼,침대 레이스,침대커버레이스
1090,침대커튼,침대 레이스,침대 커튼
1091,스피드랙행거,왕자행거,왕자행거 2단
1092,스피드랙행거,왕자행거,왕자행거 커튼
1093,스피드랙행거,왕자행거,왕자행거 4단
1094,스피드랙행거,왕자행거,왕자행거 선반
1095,스피드랙행거,왕자행거,왕자행거 네오스페이스
1096,스피드랙행거,왕자행거,왕자행거 부품
1097,스피드랙행거,왕자행거,왕자행거 3단
1098,스피드랙행거,왕자행거,한샘 왕자행거
1099,스피드랙행거,왕자행거,왕자행거 코너
1100,스피드랙행거,왕자행거,왕자행거 바지걸이
1101,스피드랙행거,2단행거,이동식 2단 행거
1102,스피드랙행거,2단행거,철제2단행거
1103,스피드랙행거,2단행거,왕자 2단행거
1104,스피드랙행거,2단행거,2단커튼행거
1105,스피드랙행거,2단행거,2단선반 행거
1106,스피드랙행거,2단행거,2단행거 커버
1107,스피드랙행거,2단행거,바퀴2단행거
1108,스피드랙행거,2단행거,2단시스템행거
1109,스피드랙행거,2단행거,튼튼한 2단 행거
1110,스피드랙행거,2단행거,2단서랍행거
1111,스피드랙행거,스탠드행거,원목 스탠드 행거
1112,스피드랙행거,스탠드행거,철제스탠드행거
1113,스피드랙행거,스탠드행거,데코스탠드행거
1114,스피드랙행거,스탠드행거,미니 스탠드 행거
1115,스피드랙행거,스탠드행거,우드스탠드 행거
1116,스피드랙행거,스탠드행거,시스템행거
1117,스피드랙행거,스탠드행거,스탠드옷걸이
1118,스피드랙행거,스탠드행거,이동식 행거
1119,스피드랙행거,스탠드행거,고정식행거
1120,스피드랙행거,스탠드행거,옷걸이행거
1121,스피드랙행거,커튼행거,2단커튼행거
1122,스피드랙행거,커튼행거,코너커튼행거
1123,스피드랙행거,커튼행거,행거에커튼달기
1124,스피드랙행거,커튼행거,4단커튼행거
1125,스피드랙행거,커튼행거,3단커튼행거
1126,스피드랙행거,커튼행거,시스템행거
1127,스피드랙행거,커튼행거,이동식 행거
1128,스피드랙행거,커튼행거,고정식행거
1129,스피드랙행거,커튼행거,미니행거
1130,스피드랙행거,커튼행거,철제행거
1131,스피드랙행거,드레스룸행거,시스템행거
1132,스피드랙행거,드레스룸행거,이동식 행거
1133,스피드랙행거,드레스룸행거,고정식행거
1134,스피드랙행거,드레스룸행거,미니행거
1135,스피드랙행거,드레스룸행거,옷걸이행거
1136,스피드랙행거,드레스룸행거,옷 행거
1137,스피드랙행거,드레스룸행거,2단행거
1138,스피드랙행거,드레스룸행거,철제행거
1139,스피드랙행거,드레스룸행거,커튼행거
1140,스피드랙행거,드레스룸행거,선반행거
1141,스피드랙행거,파이프행거,천장파이프행거
1142,스피드랙행거,파이프행거,파이프 벽행거
1143,스피드랙행거,파이프행거,파이프 2단 행거
1144,스피드랙행거,파이프행거,시스템행거
1145,스피드랙행거,파이프행거,이동식 행거
1146,스피드랙행거,파이프행거,고정식행거
1147,스피드랙행거,파이프행거,미니행거
1148,스피드랙행거,파이프행거,옷걸이행거
1149,스피드랙행거,파이프행거,원목행거
1150,스피드랙행거,파이프행거,옷가게 행거
1151,스피드랙행거,조립식행거,시스템행거
1152,스피드랙행거,조립식행거,이동식 행거
1153,스피드랙행거,조립식행거,고정식행거
1154,스피드랙행거,조립식행거,미니행거
1155,스피드랙행거,조립식행거,옷걸이행거
1156,스피드랙행거,조립식행거,옷 행거
1157,스피드랙행거,조립식행거,2단행거
1158,스피드랙행거,조립식행거,커튼행거
1159,스피드랙행거,조립식행거,드레스룸행거
1160,스피드랙행거,조립식행거,선반행거
1161,스타벅스테이블,카페테이블,카페원목테이블
1162,스타벅스테이블,카페테이블,카페원형테이블
1163,스타벅스테이블,카페테이블,카페2인테이블
1164,스타벅스테이블,카페테이블,빈티지카페테이블
1165,스타벅스테이블,카페테이블,카페4인테이블
1166,스타벅스테이블,카페테이블,카페테이블600
1167,스타벅스테이블,카페테이블,엔틱카페테이블
1168,스타벅스테이블,카페테이블,카페1인 테이블
1169,스타벅스테이블,카페테이블,카페유리테이블
1170,스타벅스테이블,카페테이블,카페 대형 테이블
1171,스타벅스테이블,이케아 테이블,이케아 접이식 테이블
1172,스타벅스테이블,이케아 테이블,이케아 원형테이블
1173,스타벅스테이블,이케아 테이블,이케아 사이드테이블
1174,스타벅스테이블,이케아 테이블,이케아 확장형 테이블
1175,스타벅스테이블,이케아 테이블,이케아 쇼파테이블
1176,스타벅스테이블,이케아 테이블,이케아 보조테이블
1177,스타벅스테이블,이케아 테이블,이케아 홀테이블
1178,스타벅스테이블,이케아 테이블,이케아 원목테이블
1179,스타벅스테이블,이케아 테이블,이케아 철제 테이블
1180,스타벅스테이블,이케아 테이블,이케아 미니테이블
1181,스타벅스테이블,다이닝 테이블,리빙다이닝 테이블
1182,스타벅스테이블,다이닝 테이블,거실 다이닝테이블
1183,스타벅스테이블,다이닝 테이블,낮은 다이닝테이블
1184,스타벅스테이블,다이닝 테이블,원형테이블
1185,스타벅스테이블,다이닝 테이블,카페테이블
1186,스타벅스테이블,다이닝 테이블,우드슬랩 테이블
1187,스타벅스테이블,다이닝 테이블,확장형 테이블
1188,스타벅스테이블,다이닝 테이블,반원 테이블
1189,스타벅스테이블,다이닝 테이블,타원형 테이블
1190,스타벅스테이블,다이닝 테이블,테이블 상판
1191,스타벅스테이블,우드슬랩 테이블,우드슬랩 식탁
1192,스타벅스테이블,우드슬랩 테이블,우드슬랩상판
1193,스타벅스테이블,우드슬랩 테이블,월넛우드슬랩
1194,스타벅스테이블,우드슬랩 테이블,뉴송 우드슬랩
1195,스타벅스테이블,우드슬랩 테이블,레인트리 우드슬랩
1196,스타벅스테이블,우드슬랩 테이블,부산 우드슬랩
1197,스타벅스테이블,우드슬랩 테이블,우드슬랩 레진
1198,스타벅스테이블,우드슬랩 테이블,에폭시우드슬랩
1199,스타벅스테이블,우드슬랩 테이블,광주 우드슬랩
1200,스타벅스테이블,우드슬랩 테이블,우드슬랩 2000
1201,스타벅스테이블,식당테이블,식당고기테이블
1202,스타벅스테이블,식당테이블,식당숯불테이블
1203,스타벅스테이블,식당테이블,식당 원목테이블
1204,스타벅스테이블,식당테이블,식당스텐테이블
1205,스타벅스테이블,식당테이블,식당테이블제작
1206,스타벅스테이블,식당테이블,식당 2인테이블
1207,스타벅스테이블,식당테이블,원형테이블
1208,스타벅스테이블,식당테이블,카페테이블
1209,스타벅스테이블,식당테이블,업소용 테이블
1210,스타벅스테이블,식당테이블,식탁테이블
1211,스타벅스테이블,식탁테이블,6인용식탁테이블
1212,스타벅스테이블,식탁테이블,원목식탁테이블
1213,스타벅스테이블,식탁테이블,6인식탁테이블
1214,스타벅스테이블,식탁테이블,낮은식탁테이블
1215,스타벅스테이블,식탁테이블,4인식탁테이블
1216,스타벅스테이블,식탁테이블,거실식탁테이블
1217,스타벅스테이블,식탁테이블,세라믹식탁테이블
1218,스타벅스테이블,식탁테이블,식탁겸테이블
1219,스타벅스테이블,식탁테이블,식탁겸용테이블
1220,스타벅스테이블,식탁테이블,원형테이블
1221,스타벅스테이블,6인용 테이블,6인용식탁테이블
1222,스타벅스테이블,6인용 테이블,6인용원목테이블
1223,스타벅스테이블,6인용 테이블,6인용원형테이블
1224,스타벅스테이블,6인용 테이블,6인용 카페테이블
1225,스타벅스테이블,6인용 테이블,6인용 세라믹테이블
1226,스타벅스테이블,6인용 테이블,6인용 접이식 테이블
1227,스타벅스테이블,6인용 테이블,6인용 거실테이블
1228,스타벅스테이블,6인용 테이블,업소용 테이블
1229,스타벅스테이블,6인용 테이블,우드슬랩 테이블
1230,스타벅스테이블,6인용 테이블,식당테이블
1231,초마루디퓨저,쿤달 디퓨저,쿤달 차량용 디퓨저
1232,초마루디퓨저,쿤달 디퓨저,쿤달 디퓨저 추천
1233,초마루디퓨저,쿤달 디퓨저,쿤달 디퓨저 일랑일랑
1234,초마루디퓨저,쿤달 디퓨저,쿤달 디퓨저 블랑
1235,초마루디퓨저,쿤달 디퓨저,쿤달 퍼퓸 디퓨저
1236,초마루디퓨저,쿤달 디퓨저,쿤달 디퓨저 향
1237,초마루디퓨저,쿤달 디퓨저,쿤달 디퓨저 클린솝
1238,초마루디퓨저,쿤달 디퓨저,쿤달 디퓨저 리필
1239,초마루디퓨저,쿤달 디퓨저,쿤달 디퓨저 베이비파우더
1240,초마루디퓨저,쿤달 디퓨저,쿤달 디퓨저 편백
1241,초마루디퓨저,교보문고 디퓨저,교보문고디퓨저차량용
1242,초마루디퓨저,교보문고 디퓨저,실내디퓨저
1243,초마루디퓨저,교보문고 디퓨저,테일러센츠 디퓨저
1244,초마루디퓨저,교보문고 디퓨저,교보문고 룸스프레이
1245,초마루디퓨저,교보문고 디퓨저,디퓨저 만들기
1246,초마루디퓨저,교보문고 디퓨저,워커힐 디퓨저
1247,초마루디퓨저,교보문고 디퓨저,디퓨저스틱
1248,초마루디퓨저,교보문고 디퓨저,인테리어디퓨저
1249,초마루디퓨저,교보문고 디퓨저,피톤치드 디퓨저
1250,초마루디퓨저,교보문고 디퓨저,우디향 디퓨저
1251,초마루디퓨저,실내디퓨저,실내디퓨저리필
1252,초마루디퓨저,실내디퓨저,교보문고 디퓨저
1253,초마루디퓨저,실내디퓨저,실내방향제
1254,초마루디퓨저,실내디퓨저,디퓨저 만들기
1255,초마루디퓨저,실내디퓨저,워커힐 디퓨저
1256,초마루디퓨저,실내디퓨저,백화점 디퓨저
1257,초마루디퓨저,실내디퓨저,명품 디퓨저
1258,초마루디퓨저,실내디퓨저,전자디퓨저
1259,초마루디퓨저,실내디퓨저,디퓨저스틱
1260,초마루디퓨저,실내디퓨저,인테리어디퓨저
1261,초마루디퓨저,에이센트 디퓨저,디퓨저
1262,초마루디퓨저,에이센트 디퓨저,에이센트 드레스퍼퓸
1263,초마루디퓨저,에이센트 디퓨저,에이센트 차량용
1264,초마루디퓨저,에이센트 디퓨저,에이센트 그린에어리
1265,초마루디퓨저,에이센트 디퓨저,에이센트 라이브러리
1266,초마루디퓨저,에이센트 디퓨저,에이센트 에어리던
1267,초마루디퓨저,딥디크 디퓨저,딥디크 카디퓨저
1268,초마루디퓨저,딥디크 디퓨저,딥디크 디퓨저 가격
1269,초마루디퓨저,딥디크 디퓨저,딥디크 차량용 디퓨저
1270,초마루디퓨저,딥디크 디퓨저,딥디크
1271,초마루디퓨저,딥디크 디퓨저,디퓨저
1272,초마루디퓨저,딥디크 디퓨저,딥디크 차량용 방향제
1273,초마루디퓨저,딥디크 디퓨저,조말론 디퓨저
1274,초마루디퓨저,딥디크 디퓨저,실내디퓨저
1275,초마루디퓨저,딥디크 디퓨저,딥디크 캔들
1276,초마루디퓨저,딥디크 디퓨저,산타마리아노벨라 디퓨저
1277,초마루디퓨저,헤트라스 디퓨저,헤트라스 플라워샵
1278,초마루디퓨저,헤트라스 디퓨저,헤트라스 북스토어
1279,초마루디퓨저,헤트라스 디퓨저,헤트라스 허그솝
1280,초마루디퓨저,헤트라스 디퓨저,쿤달 디퓨저
1281,초마루디퓨저,헤트라스 디퓨저,코코도르 디퓨저
1282,초마루디퓨저,헤트라스 디퓨저,교보문고 디퓨저
1283,초마루디퓨저,헤트라스 디퓨저,에이센트 디퓨저
1284,초마루디퓨저,헤트라스 디퓨저,백화점 디퓨저
1285,초마루디퓨저,헤트라스 디퓨저,지오바니 디퓨저
1286,초마루디퓨저,헤트라스 디퓨저,초마루 디퓨저
1287,초마루디퓨저,휘게소 디퓨저,쿤달 디퓨저
1288,초마루디퓨저,휘게소 디퓨저,조말론 디퓨저
1289,초마루디퓨저,휘게소 디퓨저,코코도르 디퓨저
1290,초마루디퓨저,휘게소 디퓨저,교보문고 디퓨저
1291,초마루디퓨저,휘게소 디퓨저,실내디퓨저
1292,초마루디퓨저,휘게소 디퓨저,산타마리아노벨라 디퓨저
1293,초마루디퓨저,휘게소 디퓨저,테일러센츠 디퓨저
1294,초마루디퓨저,휘게소 디퓨저,양키캔들 디퓨저
1295,초마루디퓨저,휘게소 디퓨저,디퓨저 리필
1296,초마루디퓨저,휘게소 디퓨저,디퓨저스틱
1297,초마루디퓨저,메르시앤코 디퓨저,메르시앤코
1298,초마루디퓨저,메르시앤코 디퓨저,메르시앤코 캔들
1299,초마루디퓨저,메르시앤코 디퓨저,메르시앤코 플라워마켓
1300,초마루디퓨저,초마루 플라워마켓,초마루
1301,초마루디퓨저,초마루 플라워마켓,플라워마켓
1302,초마루디퓨저,초마루 섬유향수,초마루
1303,메탈시트지,싱크대 시트지,싱크대 상판 시트지
1304,메탈시트지,싱크대 시트지,싱크대 시트지 셀프
1305,메탈시트지,싱크대 시트지,주방 싱크대 시트지
1306,메탈시트지,싱크대 시트지,싱크대선반 시트지
1307,메탈시트지,싱크대 시트지,싱크대리폼
1308,메탈시트지,싱크대 시트지,현관문 시트지
1309,메탈시트지,싱크대 시트지,방문 시트지
1310,메탈시트지,싱크대 시트지,냉장고 시트지
1311,메탈시트지,싱크대 시트지,가구 시트지
1312,메탈시트지,싱크대 시트지,바닥 시트지
1313,메탈시트지,현관문 시트지,아파트 현관문 시트지
1314,메탈시트지,현관문 시트지,현관문 시트지 셀프
1315,메탈시트지,현관문 시트지,현관문 시트지 시공
1316,메탈시트지,현관문 시트지,싱크대 시트지
1317,메탈시트지,현관문 시트지,방문 시트지
1318,메탈시트지,현관문 시트지,냉장고 시트지
1319,메탈시트지,현관문 시트지,가구 시트지
1320,메탈시트지,현관문 시트지,바닥 시트지
1321,메탈시트지,현관문 시트지,단열현관문
1322,메탈시트지,현관문 시트지,대리석시트지
1323,메탈시트지,방문 시트지,방문 시트지 시공
1324,메탈시트지,방문 시트지,방문 시트지 셀프
1325,메탈시트지,방문 시트지,싱크대 시트지
1326,메탈시트지,방문 시트지,현관문 시트지
1327,메탈시트지,방문 시트지,가구 시트지
1328,메탈시트지,방문 시트지,대리석시트지
1329,메탈시트지,방문 시트지,인테리어 시트지
1330,메탈시트지,방문 시트지,포인트시트지
1331,메탈시트지,방문 시트지,방문 리폼
1332,메탈시트지,방문 시트지,현관시트지
1333,메탈시트지,냉장고 시트지,싱크대 시트지
1334,메탈시트지,냉장고 시트지,현관문 시트지
1335,메탈시트지,냉장고 시트지,냉장고 리폼
1336,메탈시트지,냉장고 시트지,대리석시트지
1337,메탈시트지,냉장고 시트지,인테리어 시트지
1338,메탈시트지,냉장고 시트지,식탁 시트지
1339,메탈시트지,냉장고 시트지,에어컨 시트지
1340,메탈시트지,냉장고 시트지,벽지 시트지
1341,메탈시트지,냉장고 시트지,비스포크 시트지
1342,메탈시트지,냉장고 시트지,냉장고 필름
1343,메탈시트지,가구 시트지,주방가구 시트지
1344,메탈시트지,가구 시트지,싱크대 시트지
1345,메탈시트지,가구 시트지,현관문 시트지
1346,메탈시트지,가구 시트지,방문 시트지
1347,메탈시트지,가구 시트지,냉장고 시트지
1348,메탈시트지,가구 시트지,바닥 시트지
1349,메탈시트지,가구 시트지,대리석시트지
1350,메탈시트지,가구 시트지,인테리어 시트지
1351,메탈시트지,가구 시트지,식탁 시트지
1352,메탈시트지,가구 시트지,벽시트지
1353,메탈시트지,바닥 시트지,거실바닥시트지
1354,메탈시트지,바닥 시트지,베란다 바닥 시트지
1355,메탈시트지,바닥 시트지,싱크대 시트지
1356,메탈시트지,바닥 시트지,현관문 시트지
1357,메탈시트지,바닥 시트지,가구 시트지
1358,메탈시트지,바닥 시트지,대리석시트지
1359,메탈시트지,바닥 시트지,인테리어 시트지
1360,메탈시트지,바닥 시트지,장판시트지
1361,메탈시트지,바닥 시트지,벽시트지
1362,메탈시트지,바닥 시트지,벽지 시트지
1363,메탈시트지,대리석시트지,무광대리석시트지
1364,메탈시트지,대리석시트지,인조대리석 시트지
1365,메탈시트지,대리석시트지,싱크대 시트지
1366,메탈시트지,대리석시트지,현관문 시트지
1367,메탈시트지,대리석시트지,방문 시트지
1368,메탈시트지,대리석시트지,냉장고 시트지
1369,메탈시트지,대리석시트지,가구 시트지
1370,메탈시트지,대리석시트지,거실인테리어시트지
1371,메탈시트지,대리석시트지,바닥 시트지
1372,메탈시트지,대리석시트지,장판시트지
1373,메탈시트지,인테리어 시트지,싱크대 시트지
1374,메탈시트지,인테리어 시트지,현관문 시트지
1375,메탈시트지,인테리어 시트지,방문 시트지
1376,메탈시트지,인테리어 시트지,냉장고 시트지
1377,메탈시트지,인테리어 시트지,가구 시트지
1378,메탈시트지,인테리어 시트지,거실인테리어시트지
1379,메탈시트지,인테리어 시트지,바닥 시트지
1380,메탈시트지,인테리어 시트지,대리석시트지
1381,메탈시트지,인테리어 시트지,식탁 시트지
1382,메탈시트지,인테리어 시트지,벽시트지
1383,메탈시트지,장판시트지,장판
1384,메탈시트지,장판시트지,셀프장판
1385,메탈시트지,장판시트지,헤링본 장판
1386,메탈시트지,장판시트지,장판매트
1387,메탈시트지,장판시트지,해링본 장판
1388,메탈시트지,장판시트지,장판 스티커
1389,메탈시트지,장판시트지,방 장판
1390,메탈시트지,장판시트지,장판시트
1391,메탈시트지,벽시트지,거실벽 시트지
1392,메탈시트지,벽시트지,시멘트벽 시트지
1393,메탈시트지,벽시트지,벽포인트시트지
1394,메탈시트지,벽시트지,싱크대 시트지
1395,메탈시트지,벽시트지,바닥 시트지
1396,메탈시트지,벽시트지,대리석시트지
1397,메탈시트지,벽시트지,인테리어 시트지
1398,메탈시트지,벽시트지,단열시트지
1399,메탈시트지,벽시트지,벽지 시트지
1400,메탈시트지,벽시트지,메탈시트지
1401,한옥,한옥 매매,서울 한옥 매매
1402,한옥,한옥 매매,북촌 한옥 매매
1403,한옥,한옥 매매,대구 한옥 매매
1404,한옥,한옥 매매,한옥주택 매매
1405,한옥,한옥 매매,서촌 한옥 매매
1406,한옥,한옥 매매,경주 한옥 매매
1407,한옥,한옥 매매,안동한옥매매
1408,한옥,한옥 매매,경기도 한옥 매매
1409,한옥,한옥 매매,전주 한옥 매매
1410,한옥,한옥 매매,강릉 한옥 매매
1411,한옥,한옥 인테리어,아파트 한옥 인테리어
1412,한옥,한옥 인테리어,한옥스타일 인테리어
1413,한옥,한옥 인테리어,한옥
1414,한옥,한옥 인테리어,한옥 리모델링
1415,한옥,한옥 구조,한옥의 구조
1416,한옥,한옥 구조,한옥 구조 명칭
1417,한옥,한옥 구조,한옥의 특징
1418,한옥,한옥 구조,한옥 명칭
1419,한옥,한옥 구조,한옥 기둥
1420,한옥,한옥 구조,한옥 마루
1421,한옥,한옥 일러스트,한옥 배경 일러스트
1422,한옥,한옥 일러스트,한옥
1423,한옥,한옥 그림,한옥
1424,한옥,한옥 처마,한옥
1425,한옥,한옥 처마,처마
1426,한옥,삼천포 한옥,한옥
1427,한옥,삼천포 한옥,삼천포 한옥집
1428,한옥,삼천포 한옥,삼천포 냉면
1429,한옥,삼천포 한옥,사천 한옥
1430,한옥,한옥 지붕,한옥 기와 지붕 명칭
1431,한옥,한옥 지붕,한옥
1432,한옥,한옥 지붕,기와지붕
1433,한옥,한옥 건축,한옥
1434,한옥,한옥 장점,한옥의 장점
1435,한옥,한옥 장점,한옥
1436,한옥,한옥 장점,한옥의 우수성
1437,한옥,한옥 장점,한옥의 단점
1438,황금,황금 약재,황금
1439,황금,한약재 황금,황금
1440,황금,황금효능,황련효능
1441,황금,황금약초,황금
1442,황금,떡볶이 황금레시피,국물떡볶이 황금레시피
1443,황금,떡볶이 황금레시피,학교앞 떡볶이 황금레시피
1444,황금,떡볶이 황금레시피,쌀떡볶이 황금레시피
1445,황금,떡볶이 황금레시피,떡국떡 떡볶이 황금레시피
1446,황금,떡볶이 황금레시피,간장떡볶이 황금레시피
1447,황금,떡볶이 황금레시피,엽기떡볶이 황금레시피
1448,황금,떡볶이 황금레시피,즉석떡볶이 황금레시피
1449,황금,떡볶이 황금레시피,로제떡볶이 황금레시피
1450,황금,떡볶이 황금레시피,떡볶이 레시피
1451,황금,떡볶이 황금레시피,우리할매떡볶이 레시피
1452,황금,잡채 황금레시피,생생정보통 잡채 황금레시피
1453,황금,잡채 황금레시피,불지않는 잡채 황금레시피
1454,황금,잡채 황금레시피,돼지고기잡채 황금레시피
1455,황금,잡채 황금레시피,생생정보통 황금레시피 잡채
1456,황금,잡채 황금레시피,소고기잡채 황금레시피
1457,황금,잡채 황금레시피,고추잡채 황금레시피
1458,황금,잡채 황금레시피,잡채 레시피
1459,황금,잡채 황금레시피,잡채
1460,황금,잡채 황금레시피,잡채 당면 삶기
1461,황금,잡채 황금레시피,잡채 재료
1462,황금,황금사자기,황금사자기고교야구
1463,황금,황금사자기,황금사자기 전국고교야구대회
1464,황금,황금사자기,황금사자기 대진표
1465,황금,황금사자기,황금사자기 결승
1466,황금,황금사자기,황금사자기 중계
1467,황금,황금사자기,황금사자기 8강
1468,황금,황금사자기,황금사자기 4강
1469,황금,황금사자기,황금사자기 청담고
1470,황금,황금사자기,76회 황금사자기
1471,황금,황금사자기,황금사자기 경남고
1472,황금,부대찌개 황금레시피,부대찌개 레시피
1473,황금,부대찌개 황금레시피,부대찌개 양념장
1474,황금,부대찌개 황금레시피,부대찌개 만드는법
1475,황금,부대찌개 황금레시피,부대찌개 재료
1476,황금,부대찌개 황금레시피,부대찌개 콩
1477,황금,부대찌개 황금레시피,부대찌개 햄
1478,황금,부대찌개 황금레시피,부대찌개 만들기
1479,황금,황금코다리,황금코다리찜
1480,황금,황금코다리,전주 황금코다리
1481,황금,황금코다리,울산 황금코다리
1482,황금,황금코다리,군산 황금코다리
1483,황금,황금코다리,충주 황금코다리
1484,황금,황금코다리,김포 황금코다리
1485,황금,황금코다리,포항 황금코다리
1486,황금,황금코다리,북면 황금코다리
1487,황금,황금코다리,수통골 황금코다리
1488,황금,황금코다리,익산 황금코다리
1489,황금,bbq 황금올리브,bbq 황금올리브 닭다리
1490,황금,bbq 황금올리브,bbq 황금올리브 순살
1491,황금,bbq 황금올리브,bbq 황금올리브 반반
1492,황금,bbq 황금올리브,bbq 황금올리브 콤보
1493,황금,bbq 황금올리브,bbq 황금올리브 칼로리
1494,황금,bbq 황금올리브,bbq 핫황금올리브
1495,황금,bbq 황금올리브,bbq 황금올리브 가격
1496,황금,bbq 황금올리브,bbq 황금올리브 핫윙
1497,황금,bbq 황금올리브,bbq 황금올리브 소스
1498,황금,bbq 황금올리브,bbq 황금올리브 닭다리 칼로리
1499,대리석소파테이블,높은 소파테이블,높은 거실테이블
1500,대리석소파테이블,높은 소파테이블,접이식 소파테이블
1501,대리석소파테이블,높은 소파테이블,높은커피테이블
1502,대리석소파테이블,높은 소파테이블,높이조절 소파테이블
1503,대리석소파테이블,높은 소파테이블,낮은소파테이블
1504,대리석소파테이블,높은 소파테이블,서랍소파테이블
1505,대리석소파테이블,높은 소파테이블,2단소파테이블
1506,대리석소파테이블,높은 소파테이블,수납소파테이블
1507,대리석소파테이블,높은 소파테이블,우드 소파테이블
1508,대리석소파테이블,높은 소파테이블,소파테이블600
1509,대리석소파테이블,대리석원형테이블,원형대리석테이블
1510,대리석소파테이블,대리석원형테이블,원형테이블
1511,대리석소파테이블,대리석원형테이블,대리석 테이블
1512,대리석소파테이블,대리석원형테이블,대리석원형식탁
1513,대리석소파테이블,대리석원형테이블,원형대리석테이블
1514,대리석소파테이블,대리석원형테이블,원형테이블
1515,대리석소파테이블,대리석원형테이블,대리석 테이블
1516,대리석소파테이블,대리석원형테이블,대리석원형식탁
1517,대리석거실테이블,대리석원형테이블,원형대리석테이블
1518,대리석거실테이블,대리석원형테이블,원형테이블
1519,대리석거실테이블,대리석원형테이블,대리석 테이블
1520,대리석거실테이블,대리석원형테이블,대리석원형식탁
1521,대리석거실테이블,대리석원형테이블,원형대리석테이블
1522,대리석거실테이블,대리석원형테이블,원형테이블
1523,대리석거실테이블,대리석원형테이블,대리석 테이블
1524,대리석거실테이블,대리석원형테이블,대리석원형식탁
1525,대리석소파테이블,원목 소파테이블,원목거실테이블
1526,대리석소파테이블,원목 소파테이블,높은 소파테이블
1527,대리석소파테이블,원목 소파테이블,원목 좌식테이블
1528,대리석소파테이블,원목 소파테이블,원목 접이식 테이블
1529,대리석소파테이블,원목 소파테이블,수입소파테이블
1530,대리석소파테이블,원목 소파테이블,원목통나무테이블
1531,대리석소파테이블,원목 소파테이블,원목커피테이블
1532,대리석소파테이블,원목 소파테이블,라탄소파테이블
1533,대리석소파테이블,원목 소파테이블,세라믹 소파 테이블
1534,대리석소파테이블,원목 소파테이블,오크소파테이블
1535,대리석소파테이블,천연대리석테이블,대리석 테이블
1536,대리석소파테이블,천연대리석테이블,대리석 테이블
1537,대리석거실테이블,천연대리석테이블,대리석 테이블
1538,대리석거실테이블,천연대리석테이블,대리석 테이블
1539,대리석소파테이블,대리석거실테이블,거실 쇼파테이블
1540,대리석소파테이블,대리석거실테이블,원목거실테이블
1541,대리석소파테이블,대리석거실테이블,거실 좌식테이블
1542,대리석소파테이블,대리석거실테이블,대리석원형테이블
1543,대리석소파테이블,대리석거실테이블,천연대리석테이블
1544,대리석소파테이블,대리석거실테이블,세라믹거실테이블
1545,대리석소파테이블,대리석거실테이블,엔틱거실테이블
1546,대리석소파테이블,대리석거실테이블,템바보드 거실테이블
1547,대리석소파테이블,대리석거실테이블,거실수납테이블
1548,대리석소파테이블,대리석거실테이블,대리석 소파 테이블
1549,대리석소파테이블,대리석거실테이블,거실 쇼파테이블
1550,대리석소파테이블,대리석거실테이블,원목거실테이블
1551,대리석소파테이블,대리석거실테이블,거실 좌식테이블
1552,대리석소파테이블,대리석거실테이블,대리석원형테이블
1553,대리석소파테이블,대리석거실테이블,천연대리석테이블
1554,대리석소파테이블,대리석거실테이블,세라믹거실테이블
1555,대리석소파테이블,대리석거실테이블,엔틱거실테이블
1556,대리석소파테이블,대리석거실테이블,템바보드 거실테이블
1557,대리석소파테이블,대리석거실테이블,거실수납테이블
1558,대리석소파테이블,대리석거실테이블,대리석 소파 테이블
1559,세라믹거실테이블,대리석거실테이블,거실 쇼파테이블
1560,세라믹거실테이블,대리석거실테이블,원목거실테이블
1561,세라믹거실테이블,대리석거실테이블,거실 좌식테이블
1562,세라믹거실테이블,대리석거실테이블,대리석원형테이블
1563,세라믹거실테이블,대리석거실테이블,천연대리석테이블
1564,세라믹거실테이블,대리석거실테이블,세라믹거실테이블
1565,세라믹거실테이블,대리석거실테이블,엔틱거실테이블
1566,세라믹거실테이블,대리석거실테이블,템바보드 거실테이블
1567,세라믹거실테이블,대리석거실테이블,거실수납테이블
1568,세라믹거실테이블,대리석거실테이블,대리석 소파 테이블
1569,세라믹거실테이블,대리석거실테이블,거실 쇼파테이블
1570,세라믹거실테이블,대리석거실테이블,원목거실테이블
1571,세라믹거실테이블,대리석거실테이블,거실 좌식테이블
1572,세라믹거실테이블,대리석거실테이블,대리석원형테이블
1573,세라믹거실테이블,대리석거실테이블,천연대리석테이블
1574,세라믹거실테이블,대리석거실테이블,세라믹거실테이블
1575,세라믹거실테이블,대리석거실테이블,엔틱거실테이블
1576,세라믹거실테이블,대리석거실테이블,템바보드 거실테이블
1577,세라믹거실테이블,대리석거실테이블,거실수납테이블
1578,세라믹거실테이블,대리석거실테이블,대리석 소파 테이블
1579,대리석소파테이블,세라믹 소파 테이블,세라믹원형소파테이블
1580,대리석소파테이블,세라믹 소파 테이블,원목 소파테이블
1581,대리석소파테이블,세라믹 소파 테이블,접이식 소파테이블
1582,대리석소파테이블,세라믹 소파 테이블,세라믹거실테이블
1583,대리석소파테이블,세라믹 소파 테이블,세라믹 좌식테이블
1584,대리석소파테이블,세라믹 소파 테이블,모듈 소파테이블
1585,대리석소파테이블,세라믹 소파 테이블,대리석 소파 테이블
1586,대리석소파테이블,세라믹 소파 테이블,세라믹 커피테이블
1587,대리석소파테이블,세라믹 소파 테이블,포세린 소파 테이블
1588,암막커튼추천,100%암막커튼,붙이는 암막커튼
1589,암막커튼추천,100%암막커튼,화이트 암막커튼
1590,암막커튼추천,100%암막커튼,안방암막커튼
1591,암막커튼추천,100%암막커튼,거실암막커튼
1592,암막커튼추천,100%암막커튼,펀칭암막커튼
1593,암막커튼추천,100%암막커튼,암막커튼 핀형
1594,암막커튼추천,100%암막커튼,아일렛 암막커튼
1595,암막커튼추천,100%암막커튼,이중암막커튼
1596,암막커튼추천,100%암막커튼,침실 암막 커튼
1597,암막커튼추천,100%암막커튼,형상기억암막커튼
1598,암막커튼추천,안방 암막커튼,붙이는 암막커튼
1599,암막커튼추천,안방 암막커튼,화이트 암막커튼
1600,암막커튼추천,안방 암막커튼,거실암막커튼
1601,암막커튼추천,안방 암막커튼,펀칭암막커튼
1602,암막커튼추천,안방 암막커튼,암막커튼 핀형
1603,암막커튼추천,안방 암막커튼,벨크로 암막커튼
1604,암막커튼추천,안방 암막커튼,작은방 암막커튼
1605,암막커튼추천,안방 암막커튼,아일렛 암막커튼
1606,암막커튼추천,안방 암막커튼,이중암막커튼
1607,암막커튼추천,안방 암막커튼,스마일데코 암막커튼
1608,암막커튼추천,거실 암막커튼,화이트 암막커튼
1609,암막커튼추천,거실 암막커튼,안방암막커튼
1610,암막커튼추천,거실 암막커튼,32평거실커튼
1611,암막커튼추천,거실 암막커튼,24평거실커튼
1612,암막커튼추천,거실 암막커튼,린넨 암막커튼
1613,암막커튼추천,거실 암막커튼,34평거실커튼
1614,암막커튼추천,거실 암막커튼,암막커튼 핀형
1615,암막커튼추천,거실 암막커튼,흰색 암막커튼
1616,암막커튼추천,거실 암막커튼,이중암막커튼
1617,암막커튼추천,거실 암막커튼,아이보리 암막커튼
1618,암막커튼추천,거실커튼추천,거실 커튼
1619,암막커튼추천,거실커튼추천,거실 암막커튼
1620,암막커튼추천,거실커튼추천,암막커튼추천
1621,암막커튼추천,암막커튼 가격,100%암막커튼
1622,암막커튼추천,암막커튼 가격,암막커튼추천
1623,암막커튼추천,암막커튼 가격,커튼 가격
1624,지컷원피스,지컷 데님원피스,자라 데님 원피스
1625,지컷원피스,지컷 데님원피스,에고이스트 데님원피스
1626,지컷원피스,지컷 데님원피스,샤틴 데님원피스
1627,지컷원피스,지컷 데님원피스,베네통 데님원피스
1628,지컷원피스,지컷 데님원피스,듀엘 데님원피스
1629,지컷원피스,지컷 데님원피스,톰보이 데님 원피스
1630,지컷원피스,지컷 데님원피스,보브데님원피스
1631,지컷원피스,지컷 롱원피스,보브 롱원피스
1632,인조,인조 가계도,인조
1633,인조,인조 가계도,숙종 가계도
1634,인조,인조 가계도,중종 가계도
1635,인조,인조 가계도,선조 가계도
1636,인조,인조 가계도,인종 가계도
1637,인조,인조 가계도,조선 인조
1638,인조,인조 가계도,효종 가계도
1639,인조,인조 삼전도,인조
1640,인조,인조 삼전도,삼전도 굴욕
1641,인조,인조 삼전도,인조 남한산성
1642,인조,인조 삼전도,인조 업적
1643,인조,인조 삼전도,인조 굴욕
1644,인조,인조 병자호란,병자호란 인조
1645,인조,인조 병자호란,조선 인조
1646,인조,인조 병자호란,남한산성 인조
1647,인조,인조 병자호란,남한산성 병자호란
1648,인조,광해군 인조,인조
1649,인조,광해군 인조,광해군 업적
1650,인조,광해군 인조,광해군 이름
1651,인조,광해군 인조,광해군 아들
1652,인조,조선 인조,조선 인종
1653,인조,조선 인조,조선 명종
1654,인조,조선 인조,인조 가계도
1655,인조,조선 인조,조선 선조
1656,인조,조선 인조,인조 병자호란
1657,인조,조선 인조,조선 효종
1658,인조,인조 남한산성,남한산성 인조
1659,인조,인조 남한산성,인조
1660,인조,인조 남한산성,인조 삼전도
1661,인조,인조 남한산성,인조 병자호란
1662,인조,인조 남한산성,인조 업적
1663,인조,인조대리석,인조대리석 상판
1664,인조,인조대리석,인조대리석테이블
1665,인조,인조대리석,싱크대인조대리석
1666,인조,인조대리석,인조대리석타일
1667,인조,인조대리석,인조대리석제작
1668,인조,인조대리석,인조대리석 식탁
1669,인조,인조대리석,인조대리석 젠다이
1670,인조,인조대리석,욕실인조대리석
1671,인조,인조대리석,인조대리석 재단
1672,인조,인조대리석,바닥인조대리석
1673,인조,인조속눈썹,속눈썹펌
1674,인조,인조속눈썹,가닥 속눈썹
1675,인조,인조속눈썹,속눈썹 붙이기
1676,인조,인조속눈썹,톡톡하라 속눈썹
1677,인조,인조속눈썹,톡톡 속눈썹
1678,인조,인조속눈썹,자석 속눈썹
1679,인조,인조속눈썹,언더 속눈썹
1680,인조,인조속눈썹,부분 속눈썹
1681,인조,인조속눈썹,아이돌 속눈썹
1682,인조,인조속눈썹,셀프속눈썹연장
1683,인조,인조대리석 상판,인조대리석제작
1684,인조,인조대리석 상판,인조대리석 재단
1685,인조,인조대리석 상판,인조대리석가공
1686,인조,인조대리석 상판,인조대리석판
1687,인조,인조대리석 상판,원형테이블 상판
1688,인조,인조대리석 상판,싱크대 세라믹 상판
1689,인조,인조대리석 상판,세라믹 상판 제작
1690,인조,인조대리석 상판,테라조 상판
1691,에몬스,에몬스침대,에몬스 침대프레임
1692,에몬스,에몬스침대,에몬스침대 킹
1693,에몬스,에몬스침대,에몬스 싱글침대
1694,에몬스,에몬스침대,에몬스 수납침대
1695,에몬스,에몬스침대,홈쇼핑에몬스침대
1696,에몬스,에몬스침대,에몬스침대매트리스
1697,에몬스,에몬스침대,에몬스침대 ss
1698,에몬스,에몬스침대,에몬스트윈침대
1699,에몬스,에몬스침대,에몬스 브랜치침대
1700,에몬스,에몬스침대,에몬스 led침대
1701,에몬스,에몬스 쇼파,에몬스 4인쇼파
1702,에몬스,에몬스 쇼파,에몬스 3인쇼파
1703,에몬스,에몬스 쇼파,에몬스 가죽쇼파
1704,에몬스,에몬스 쇼파,에몬스6인쇼파
1705,에몬스,에몬스 쇼파,에몬스스윙쇼파
1706,에몬스,에몬스 쇼파,에몬스통가죽쇼파
1707,에몬스,에몬스 쇼파,에몬스카우치쇼파
1708,에몬스,에몬스 쇼파,에몬스 체르니쇼파
1709,에몬스,에몬스 쇼파,에몬스코너형쇼파
1710,에몬스,에몬스 쇼파,에몬스 6인용 쇼파
1711,에몬스,에몬스 식탁,에몬스 세라믹식탁
1712,에몬스,에몬스 식탁,에몬스 식탁의자
1713,에몬스,에몬스 식탁,에몬스 6인식탁
1714,에몬스,에몬스 식탁,에몬스 4인식탁
1715,에몬스,에몬스 식탁,에몬스 원목식탁
1716,에몬스,에몬스 식탁,에몬스 대리석 식탁
1717,에몬스,에몬스 식탁,에몬스식탁6인용
1718,에몬스,에몬스 식탁,에몬스식탁세트
1719,에몬스,에몬스 식탁,에몬스 엘프식탁
1720,에몬스,에몬스 식탁,에몬스 포세린식탁
1721,에몬스,에몬스몰,에몬스
1722,에몬스,에몬스몰,에몬스 쇼파
1723,에몬스,에몬스 서랍장,에몬스 5단 서랍장
1724,에몬스,에몬스 서랍장,에몬스와이드서랍장
1725,에몬스,에몬스 서랍장,에몬스3단서랍장
1726,에몬스,에몬스 서랍장,이케아 서랍장
1727,에몬스,에몬스 서랍장,화장대서랍장
1728,에몬스,에몬스 서랍장,원목 서랍장
1729,에몬스,에몬스 서랍장,한샘 서랍장
1730,에몬스,에몬스 서랍장,까사미아 서랍장
1731,에몬스,에몬스 서랍장,리바트 서랍장
1732,에몬스,에몬스 서랍장,4단서랍장
1733,에몬스,에몬스 거실장,에몬스발렌타인거실장
1734,에몬스,에몬스 거실장,에몬스 사피아노 거실장
1735,에몬스,에몬스 거실장,높은 거실장
1736,에몬스,에몬스 거실장,까사미아 거실장
1737,에몬스,에몬스 거실장,템바보드 거실장
1738,에몬스,에몬스 거실장,원목거실장
1739,에몬스,에몬스 거실장,한샘 거실장
1740,에몬스,에몬스 거실장,tv거실장
1741,에몬스,에몬스 거실장,리바트 거실장
1742,에몬스,에몬스 거실장,거실장세트
1743,에몬스,에몬스 매트리스,에몬스싱글매트리스
1744,에몬스,에몬스 매트리스,에몬스 매트리스 ss
1745,에몬스,에몬스 매트리스,에몬스 매트리스 퀸
1746,에몬스,에몬스 매트리스,몽제 매트리스
1747,에몬스,에몬스 매트리스,지누스 매트리스
1748,에몬스,에몬스 매트리스,에몬스침대
1749,에몬스,에몬스 매트리스,시몬스 매트리스
1750,에몬스,에몬스 매트리스,슈퍼싱글매트리스
1751,에몬스,에몬스 매트리스,씰리 매트리스
1752,에몬스,에몬스 매트리스,한샘 매트리스
1753,에몬스,에몬스 소파,에몬스 스윙소파
1754,에몬스,에몬스 소파,에몬스 패브릭소파
1755,에몬스,에몬스 소파,에몬스
1756,에몬스,에몬스 소파,에몬스 쇼파
1757,에몬스,에몬스 리클라이너,에몬스 1인리클라이너
1758,에몬스,에몬스 리클라이너,리클라이너쇼파
1759,에몬스,에몬스 리클라이너,1인용 리클라이너
1760,에몬스,에몬스 리클라이너,리클라이너의자
1761,에몬스,에몬스 리클라이너,한샘 리클라이너
1762,에몬스,에몬스 리클라이너,까사미아 리클라이너
1763,에몬스,에몬스 리클라이너,자코모 리클라이너
1764,에몬스,에몬스 리클라이너,일룸 리클라이너
1765,에몬스,에몬스 리클라이너,3인 리클라이너
1766,에몬스,에몬스 리클라이너,좌식 리클라이너
1767,에몬스,에몬스 책상,에몬스 두잇책상
1768,에몬스,에몬스 책상,에몬스 전동책상
1769,에몬스,에몬스 책상,에몬스 레이어드책상
1770,에몬스,에몬스 책상,데스커 책상
1771,에몬스,에몬스 책상,이케아 책상
1772,에몬스,에몬스 책상,리바트 책상
1773,에몬스,에몬스 책상,한샘 책상
1774,에몬스,에몬스 책상,고등학생책상
1775,에몬스,에몬스 책상,서재책상
1776,에몬스,에몬스 책상,1800 책상
1777,유치원,유치원 소풍 도시락,유치원 소풍 도시락통
1778,유치원,유치원 소풍 도시락,유치원 소풍 도시락 주먹밥
1779,유치원,유치원 소풍 도시락,5살 유치원 소풍 도시락
1780,유치원,유치원 소풍 도시락,유치원소풍도시락싸기
1781,유치원,유치원 소풍 도시락,유치원 소풍 선생님 도시락
1782,유치원,유치원 소풍 도시락,유치원 소풍 간식도시락
1783,유치원,유치원 소풍 도시락,유치원 소풍 도시락 만들기
1784,유치원,유치원 소풍 도시락,유치원 소풍 도시락 주문
1785,유치원,유치원 소풍 도시락,유치원 소풍 도시락 메뉴
1786,유치원,유치원 소풍 도시락,유치원 소풍 도시락 배달
1787,유치원,유치원 도시락,유치원 소풍 도시락
1788,유치원,유치원 도시락,유치원 도시락싸기
1789,유치원,유치원 도시락,유치원 도시락통
1790,유치원,유치원 도시락,유치원 간식도시락
1791,유치원,유치원 도시락,유치원 소풍 도시락통
1792,유치원,유치원 도시락,유치원 도시락 주먹밥
1793,유치원,유치원 도시락,유치원 소풍 도시락 주먹밥
1794,유치원,유치원 도시락,5살 유치원 소풍 도시락
1795,유치원,유치원 도시락,유치원소풍도시락싸기
1796,유치원,유치원 도시락,유치원 소풍 선생님 도시락
1797,유치원,강아지 유치원,강아지 유치원 가격
1798,유치원,강아지 유치원,강아지 유치원 비용
1799,유치원,강아지 유치원,대구 강아지 유치원
1800,유치원,강아지 유치원,강아지 유치원 가방
1801,유치원,강아지 유치원,대전 강아지 유치원
1802,유치원,강아지 유치원,강아지 유치원 낮잠
1803,유치원,강아지 유치원,부산 강아지 유치원
1804,유치원,강아지 유치원,광주 강아지 유치원
1805,유치원,강아지 유치원,청주 강아지 유치원
1806,유치원,강아지 유치원,인천 강아지 유치원
1807,유치원,영어유치원,영어유치원 비용
1808,유치원,영어유치원,영어유치원 답례품
1809,유치원,영어유치원,애로부부 영어유치원
1810,유치원,영어유치원,폴리 영어유치원
1811,유치원,영어유치원,실화탐사대 영어유치원
1812,유치원,영어유치원,대구 영어유치원
1813,유치원,영어유치원,송도 영어유치원
1814,유치원,영어유치원,분당 영어유치원
1815,유치원,영어유치원,부산 영어유치원
1816,유치원,영어유치원,대전 영어유치원
1817,유치원,애견유치원,애견유치원 가격
1818,유치원,애견유치원,애견유치원 창업
1819,유치원,애견유치원,애견유치원 비용
1820,유치원,애견유치원,서울 애견유치원
1821,유치원,애견유치원,남양주 애견유치원
1822,유치원,애견유치원,강아지 유치원
1823,유치원,애견유치원,애견 카페
1824,유치원,애견유치원,애견 호텔
1825,유치원,애견유치원,애견놀이방
1826,유치원,애견유치원,대전 애견유치원
1827,유치원,유치원 입소대기,어린이집 입소대기
1828,유치원,유치원 입소대기,병설유치원 대기
1829,유치원,유치원 입소대기,유치원 중간입소
1830,유치원,유치원 입소대기,유치원 대기신청
1831,유치원,유치원 입소대기,유치원 입소나이
1832,유치원,유치원 입소대기,유치원
1833,유치원,유치원 입소대기,유치원 신청
1834,유치원,유치원 입소대기,유치원 추첨
1835,유치원,유치원 입소대기,유치원 우선모집
1836,유치원,유치원 입소대기,유치원 접수
1837,유치원,유치원 생일선물,6세 유치원 생일선물
1838,유치원,유치원 생일선물,7세 유치원 생일선물
1839,유치원,유치원 생일선물,영어유치원 생일선물
1840,유치원,유치원 생일선물,유치원 친구 생일선물
1841,유치원,유치원 생일선물,7살 유치원 생일선물
1842,유치원,유치원 생일선물,5살 유치원 생일선물
1843,유치원,유치원 생일선물,5세 유치원 생일선물
1844,유치원,유치원 생일선물,유치원 생일선물 답례품
1845,유치원,유치원 생일선물,어린이집 생일선물
1846,유치원,유치원 생일선물,유치원 생일 답례품
1847,유치원,애로부부 유치원,애로부부 영어유치원
1848,유치원,애로부부 유치원,애로부부 가야금
1849,유치원,애로부부 유치원,애로부부 93회
1850,유치원,애로부부 유치원,애로부부 맘카페
1851,유치원,애로부부 유치원,애로부부 93
1852,유치원,유치원 생일 답례품,영어유치원 답례품
1853,유치원,유치원 생일 답례품,유치원 간식답례품
1854,유치원,유치원 생일 답례품,유치원양말답례품
1855,유치원,유치원 답례품,영어유치원 답례품
1856,유치원,유치원 답례품,유치원 답례품 포장
1857,유치원,유치원 답례품,결혼식 답례품
1858,유치원,유치원 답례품,어린이집 답례품
1859,유치원,유치원 답례품,센스있는답례품
1860,유치원,유치원 답례품,유치원 구디백
1861,유치원,유치원 답례품,돌잔치답례품
1862,유치원,유치원 답례품,유치원 선물
1863,유치원,유치원 답례품,핸드워시 답례품
1864,유치원,유치원 답례품,간식 답례품
1865,사무용파티션,사무실파티션,사무실 파티션 꾸미기
1866,사무용파티션,사무실파티션,사무실이동식파티션
1867,사무용파티션,사무실파티션,책상 파티션
1868,사무용파티션,사무실파티션,유리파티션
1869,사무용파티션,사무실파티션,사무실가구
1870,사무용파티션,사무실파티션,사무실 가림막
1871,사무용파티션,사무실파티션,사무용파티션
1872,사무용파티션,사무실파티션,사무실칸막이
1873,사무용파티션,사무실파티션,아크릴 파티션
1874,사무용파티션,사무실파티션,간이 파티션
1875,사무용파티션,책상 파티션,책상위파티션
1876,사무용파티션,책상 파티션,책상타공파티션
1877,사무용파티션,책상 파티션,책상 철제 파티션
1878,사무용파티션,책상 파티션,책상 파티션 타공판
1879,사무용파티션,책상 파티션,사무실파티션
1880,사무용파티션,책상 파티션,책상 가림막
1881,사무용파티션,책상 파티션,책상 칸막이
1882,사무용파티션,책상 파티션,책상 가림판
1883,사무용파티션,책상 파티션,사무용파티션
1884,사무용파티션,책상 파티션,아크릴 파티션
1885,사무용파티션,유리파티션,강화유리파티션
1886,사무용파티션,유리파티션,사무실 유리 파티션
1887,사무용파티션,유리파티션,불투명 유리 파티션
1888,사무용파티션,유리파티션,책상 파티션
1889,사무용파티션,유리파티션,유리칸막이
1890,사무용파티션,유리파티션,아크릴 파티션
1891,사무용파티션,유리파티션,방음 파티션
1892,사무용파티션,유리파티션,디자인 파티션
1893,사무용파티션,유리파티션,슬라이딩 파티션
1894,사무용파티션,유리파티션,투명파티션
1895,사무용파티션,간이 파티션,간이 칸막이
1896,사무용파티션,스크린파티션,책상 스크린 파티션
1897,사무용파티션,스크린파티션,사무실파티션
1898,사무용파티션,스크린파티션,강화유리파티션
1899,사무용파티션,스크린파티션,사무용파티션
1900,사무용파티션,스크린파티션,아크릴 파티션
1901,사무용파티션,스크린파티션,방음 파티션
1902,사무용파티션,스크린파티션,간이 파티션
1903,사무용파티션,스크린파티션,책상위파티션
1904,사무용파티션,스크린파티션,플랫파티션
1905,린넨,린넨 원피스,린넨롱원피스
1906,린넨,린넨 원피스,린넨셔츠원피스
1907,린넨,린넨 원피스,린넨나시원피스
1908,린넨,린넨 원피스,린넨체크원피스
1909,린넨,린넨 원피스,린넨 미니원피스
1910,린넨,린넨 원피스,린넨반팔원피스
1911,린넨,린넨 원피스,린넨 끈 원피스
1912,린넨,린넨 원피스,브이넥린넨원피스
1913,린넨,린넨 원피스,하객원피스
1914,린넨,린넨 원피스,쉬폰 원피스
1915,린넨,린넨 자켓,린넨반팔자켓
1916,린넨,린넨 자켓,린넨크롭자켓
1917,린넨,린넨 자켓,노카라 린넨자켓
1918,린넨,린넨 자켓,린넨자켓 코디
1919,린넨,린넨 자켓,린넨 숏자켓
1920,린넨,린넨 자켓,오버핏 린넨자켓
1921,린넨,린넨 자켓,린넨체크자켓
1922,린넨,린넨 자켓,린넨롱자켓
1923,린넨,린넨 자켓,화이트 린넨자켓
1924,린넨,린넨 자켓,린넨자켓세트
1925,린넨,린넨 셔츠,타미 린넨셔츠
1926,린넨,린넨 셔츠,오버핏 린넨셔츠
1927,린넨,린넨 셔츠,린넨롱셔츠
1928,린넨,린넨 셔츠,린넨셔츠 코디
1929,린넨,린넨 셔츠,린넨 반팔 셔츠
1930,린넨,린넨 셔츠,린넨 스트라이프 셔츠
1931,린넨,린넨 셔츠,린넨 크롭 셔츠
1932,린넨,린넨 셔츠,린넨체크셔츠
1933,린넨,린넨 셔츠,화이트 린넨셔츠
1934,린넨,린넨 셔츠,네이비 린넨셔츠
1935,린넨,남자 린넨 셔츠,타미 린넨셔츠
1936,린넨,남자 린넨 셔츠,오버핏 린넨셔츠
1937,린넨,남자 린넨 셔츠,린넨 반팔 셔츠
1938,린넨,남자 린넨 셔츠,린넨 스트라이프 셔츠
1939,린넨,남자 린넨 셔츠,린넨긴팔셔츠
1940,린넨,남자 린넨 셔츠,uspa린넨셔츠
1941,린넨,남자 린넨 셔츠,린넨차이나셔츠
1942,린넨,남자 린넨 셔츠,헨리넥 린넨셔츠
1943,린넨,린넨 마,린넨마바지
1944,린넨,린넨 마,마 린넨
1945,린넨,린넨 마,린넨마자켓
1946,린넨,린넨 마,린넨마셔츠
1947,린넨,린넨 마,린넨
1948,린넨,린넨 마,린넨바지
1949,린넨,린넨 마,린넨천
1950,린넨,린넨 마,마 세탁
1951,린넨,린넨 마,린넨 뜻
1952,린넨,린넨 마,린넨 관리
1953,린넨,바리스타 린넨,카페 린넨
1954,린넨,바리스타 린넨,린넨타올
1955,린넨,바리스타 린넨,바리스타 타올
1956,린넨,바리스타 린넨,커피린넨
1957,린넨,린넨 뜻,린넨천
1958,린넨,린넨 뜻,린넨 마
1959,린넨,린넨 뜻,마 린넨
1960,린넨,카페 린넨,린넨
1961,린넨,카페 린넨,바리스타 린넨
1962,린넨,린넨바지,린넨 치마바지
1963,린넨,린넨바지,린넨바지 코디
1964,린넨,린넨바지,린넨마바지
1965,린넨,린넨바지,린넨일자바지
1966,린넨,린넨바지,린넨9부바지
1967,린넨,린넨바지,린넨5부바지
1968,린넨,린넨바지,린넨고무줄바지
1969,린넨,린넨바지,린넨8부바지
1970,린넨,린넨바지,키작녀 린넨바지
1971,린넨,린넨바지,흰색린넨바지
1972,린넨,린넨블라우스,프렌치린넨 블라우스
1973,린넨,린넨블라우스,더엣지린넨블라우스
1974,린넨,린넨블라우스,린넨체크블라우스
1975,린넨,린넨블라우스,린넨100블라우스
1976,린넨,린넨블라우스,린넨블라우스3종
1977,린넨,린넨블라우스,린넨긴팔블라우스
1978,린넨,린넨블라우스,린넨 롱 블라우스
1979,린넨,린넨블라우스,린넨셔츠
1980,린넨,린넨블라우스,퍼프 블라우스
1981,린넨,린넨블라우스,반팔 블라우스
1982,덴마크화병,꽃화병,꽃화병세트
1983,덴마크화병,꽃화병,이케바나 화병
1984,덴마크화병,꽃화병,유리화병
1985,덴마크화병,꽃화병,수경재배 화병
1986,덴마크화병,꽃화병,도자기화병
1987,덴마크화병,꽃화병,미니화병
1988,덴마크화병,꽃화병,실린더 화병
1989,덴마크화병,꽃화병,덴마크 화병
1990,덴마크화병,꽃화병,꽃다발 화병
1991,덴마크화병,꽃화병,아크릴화병
1992,덴마크화병,이케바나 화병,꽃화병
1993,덴마크화병,이케바나 화병,유리화병
1994,덴마크화병,이케바나 화병,수경재배 화병
1995,덴마크화병,이케바나 화병,도자기화병
1996,덴마크화병,이케바나 화병,이첸도르프 화병
1997,덴마크화병,이케바나 화병,실린더 화병
1998,덴마크화병,이케바나 화병,덴마크 화병
1999,덴마크화병,이케바나 화병,꽃다발 화병
2000,덴마크화병,이케바나 화병,아크릴화병
2001,덴마크화병,이케바나 화병,달항아리 화병
2002,덴마크화병,수경재배 화병,꽃화병
2003,덴마크화병,수경재배 화병,이케바나 화병
2004,덴마크화병,수경재배 화병,유리화병
2005,덴마크화병,수경재배 화병,도자기화병
2006,덴마크화병,수경재배 화병,미니화병
2007,덴마크화병,수경재배 화병,라탄화병
2008,덴마크화병,수경재배 화병,실린더 화병
2009,덴마크화병,수경재배 화병,아크릴화병
2010,덴마크화병,수경재배 화병,플라스틱화병
2011,덴마크화병,수경재배 화병,수경재배 꽃
2012,덴마크화병,도자기화병,엔틱도자기화병
2013,덴마크화병,도자기화병,미니도자기화병
2014,덴마크화병,도자기화병,대형도자기화병
2015,덴마크화병,도자기화병,도자기꽃화병
2016,덴마크화병,도자기화병,화이트도자기화병
2017,덴마크화병,도자기화병,도자기저그화병
2018,덴마크화병,도자기화병,이케바나 화병
2019,덴마크화병,도자기화병,유리화병
2020,덴마크화병,도자기화병,수경재배 화병
2021,덴마크화병,도자기화병,라탄화병
2022,덴마크화병,미니화병,미니도자기화병
2023,덴마크화병,미니화병,꽃화병
2024,덴마크화병,미니화병,이케바나 화병
2025,덴마크화병,미니화병,수경재배 화병
2026,덴마크화병,미니화병,플라스틱화병
2027,덴마크화병,미니화병,세라믹화병
2028,덴마크화병,미니화병,시험관 화병
2029,덴마크화병,미니화병,오로라화병
2030,덴마크화병,미니화병,미니유리화병
2031,덴마크화병,미니화병,테이블 화병
2032,덴마크화병,라탄화병,라탄화병만들기
2033,덴마크화병,라탄화병,라탄 유리 화병
2034,덴마크화병,라탄화병,라탄 인테리어
2035,덴마크화병,라탄화병,도자기화병
2036,덴마크화병,라탄화병,플라스틱화병
2037,덴마크화병,라탄화병,세라믹화병
2038,덴마크화병,라탄화병,긴화병
2039,덴마크화병,라탄화병,몬스테라 화병
2040,덴마크화병,라탄화병,라탄유리병
2041,덴마크화병,라탄화병,유칼립투스화병
2042,덴마크화병,대형유리화병,사각유리화병
2043,덴마크화병,대형유리화병,원통유리화병
2044,덴마크화병,대형유리화병,긴유리화병
2045,덴마크화병,대형유리화병,원형유리화병
2046,덴마크화병,대형유리화병,대형유리수반
2047,덴마크화병,대형유리화병,대형유리화분
2048,덴마크화병,대형유리화병,큰유리화병
2049,덴마크화병,대형유리화병,인테리어유리화병
2050,덴마크화병,대형유리화병,대형아크릴화병
2051,덴마크화병,아크릴화병,투명 아크릴화병
2052,덴마크화병,아크릴화병,대형아크릴화병
2053,덴마크화병,아크릴화병,꽃화병
2054,덴마크화병,아크릴화병,이케바나 화병
2055,덴마크화병,아크릴화병,유리화병
2056,덴마크화병,아크릴화병,수경재배 화병
2057,덴마크화병,아크릴화병,도자기화병
2058,덴마크화병,아크릴화병,미니화병
2059,덴마크화병,아크릴화병,실린더 화병
2060,덴마크화병,아크릴화병,달항아리 화병
2061,덴마크화병,플라스틱화병,투명플라스틱화병
2062,덴마크화병,플라스틱화병,이케바나 화병
2063,덴마크화병,플라스틱화병,유리화병
2064,덴마크화병,플라스틱화병,수경재배 화병
2065,덴마크화병,플라스틱화병,미니화병
2066,덴마크화병,플라스틱화병,라탄화병
2067,덴마크화병,플라스틱화병,실린더 화병
2068,덴마크화병,플라스틱화병,아크릴화병
2069,덴마크화병,플라스틱화병,대형화병
2070,덴마크화병,플라스틱화병,시험관 화병
2071,덴마크화병,세라믹화병,대형세라믹화병
2072,덴마크화병,세라믹화병,이케바나 화병
2073,덴마크화병,세라믹화병,유리화병
2074,덴마크화병,세라믹화병,수경재배 화병
2075,덴마크화병,세라믹화병,도자기화병
2076,덴마크화병,세라믹화병,미니화병
2077,덴마크화병,세라믹화병,아크릴화병
2078,덴마크화병,세라믹화병,달항아리 화병
2079,덴마크화병,세라믹화병,튤립 화병
2080,덴마크화병,세라믹화병,저그화병
2081,박술녀풍기인견이불,풍기인견이불,풍기인견 패드
2082,박술녀풍기인견이불,풍기인견이불,박술녀 풍기인견
2083,박술녀풍기인견이불,풍기인견이불,미세스문 풍기인견
2084,박술녀풍기인견이불,풍기인견이불,풍기인견침구세트
2085,박술녀풍기인견이불,풍기인견이불,풍기인견매트
2086,박술녀풍기인견이불,풍기인견이불,풍기인견 홑이불
2087,박술녀풍기인견이불,풍기인견이불,엣센셜 풍기인견
2088,박술녀풍기인견이불,풍기인견이불,풍기인견3중직
2089,박술녀풍기인견이불,풍기인견이불,풍기인견100
2090,셀레티거울,아크릴거울,대형아크릴거울
2091,셀레티거울,아크릴거울,원형아크릴거울
2092,셀레티거울,아크릴거울,붙이는아크릴거울
2093,셀레티거울,아크릴거울,욕실 아크릴거울
2094,셀레티거울,아크릴거울,아크릴 거울제작
2095,셀레티거울,아크릴거울,아기 아크릴 거울
2096,셀레티거울,아크릴거울,아크릴 거울 재단
2097,셀레티거울,아크릴거울,비정형 아크릴 거울
2098,셀레티거울,아크릴거울,아크릴벽거울
2099,셀레티거울,아크릴거울,미니아크릴거울
2100,셀레티거울,빈티지 거울,빈티지벽거울
2101,셀레티거울,빈티지 거울,빈티지원목거울
2102,셀레티거울,빈티지 거울,화장대거울
2103,셀레티거울,빈티지 거울,아크릴거울
2104,셀레티거울,빈티지 거울,원형거울
2105,셀레티거울,빈티지 거울,거울제작
2106,셀레티거울,빈티지 거울,비정형거울
2107,셀레티거울,빈티지 거울,라탄거울
2108,셀레티거울,빈티지 거울,엔틱거울
2109,셀레티거울,빈티지 거울,벽걸이거울
2110,셀레티거울,벽걸이거울,벽걸이사각거울
2111,셀레티거울,벽걸이거울,벽걸이미니거울
2112,셀레티거울,벽걸이거울,원형벽걸이거울
2113,셀레티거울,벽걸이거울,엔틱벽걸이거울
2114,셀레티거울,벽걸이거울,원목벽걸이거울
2115,셀레티거울,벽걸이거울,아치형벽걸이거울
2116,셀레티거울,벽걸이거울,욕실거울
2117,셀레티거울,벽걸이거울,화장대거울
2118,셀레티거울,벽걸이거울,아크릴거울
2119,셀레티거울,벽걸이거울,붙이는거울
2120,셀레티거울,터프팅 거울,욕실거울
2121,셀레티거울,터프팅 거울,화장대거울
2122,셀레티거울,터프팅 거울,아크릴거울
2123,셀레티거울,터프팅 거울,원형거울
2124,셀레티거울,터프팅 거울,벽거울
2125,셀레티거울,터프팅 거울,붙이는거울
2126,셀레티거울,터프팅 거울,거울제작
2127,셀레티거울,터프팅 거울,비정형거울
2128,셀레티거울,터프팅 거울,인테리어거울
2129,셀레티거울,터프팅 거울,엔틱거울
2130,셀레티거울,조디악 거울,셀레티 거울
2131,셀레티거울,조디악 거울,화장대거울
2132,셀레티거울,조디악 거울,아크릴거울
2133,셀레티거울,조디악 거울,원형거울
2134,셀레티거울,조디악 거울,벽거울
2135,셀레티거울,조디악 거울,붙이는거울
2136,셀레티거울,조디악 거울,비정형거울
2137,셀레티거울,조디악 거울,인테리어거울
2138,셀레티거울,조디악 거울,라탄거울
2139,셀레티거울,조디악 거울,엔틱거울
2140,셀레티거울,물방울 거울,화장대거울
2141,셀레티거울,물방울 거울,아크릴거울
2142,셀레티거울,물방울 거울,원형거울
2143,셀레티거울,물방울 거울,붙이는거울
2144,셀레티거울,물방울 거울,비정형거울
2145,셀레티거울,물방울 거울,라탄거울
2146,셀레티거울,물방울 거울,엔틱거울
2147,셀레티거울,물방울 거울,빈티지 거울
2148,셀레티거울,물방울 거울,벽걸이거울
2149,셀레티거울,물방울 거울,원목거울
2150,셀레티거울,인테리어벽거울,벽에붙이는거울
2151,셀레티거울,인테리어벽거울,엔틱벽거울
2152,셀레티거울,인테리어벽거울,벽부착거울
2153,셀레티거울,인테리어벽거울,비정형벽거울
2154,셀레티거울,인테리어벽거울,led벽거울
2155,셀레티거울,인테리어벽거울,현관벽거울
2156,셀레티거울,인테리어벽거울,대형벽거울
2157,셀레티거울,인테리어벽거울,우드벽거울
2158,셀레티거울,인테리어벽거울,원목벽거울
2159,셀레티거울,인테리어벽거울,원형벽거울
2160,셀레티거울,꼬떼따블 거울,꼬떼따블 전신 거울
2161,셀레티거울,꼬떼따블 거울,꼬떼따블가구
2162,셀레티거울,꼬떼따블 거울,셀레티 거울
2163,셀레티거울,꼬떼따블 거울,빈티지 거울
2164,셀레티거울,꼬떼따블 거울,터프팅 거울
2165,셀레티거울,꼬떼따블 거울,이동식 거울
2166,셀레티거울,꼬떼따블 거울,조디악 거울
2167,셀레티거울,꼬떼따블 거울,문걸이 거울
2168,셀레티거울,꼬떼따블 거울,까사미아 거울
2169,셀레티거울,꼬떼따블 거울,미드센츄리 거울
2170,셀레티거울,무스타슈 거울,무스타슈
2171,셀레티거울,무스타슈 거울,조디악 거울
2172,밥솥선반,전기밥솥 선반,밥솥 선반
2173,밥솥선반,전기밥솥 선반,전자레인지 선반
2174,밥솥선반,밥솥레일선반,밥솥 선반
2175,밥솥선반,밥솥레일선반,레일 선반
2176,밥솥선반,밥솥레일선반,밥솥 레일
2177,밥솥선반,전자레인지 선반,전자레인지철제선반
2178,밥솥선반,전자레인지 선반,전자레인지폭조절선반
2179,밥솥선반,전자레인지 선반,길이조절 전자레인지 선반
2180,밥솥선반,전자레인지 선반,밥솥 선반
2181,밥솥선반,전자레인지 선반,전자레인지장
2182,밥솥선반,전자레인지 선반,큐커 선반
2183,밥솥선반,전자레인지 선반,광파오븐 선반
2184,밥솥선반,전자레인지 선반,전자레인지 거치대
2185,밥솥선반,전자레인지 선반,전자레인지 수납
2186,밥솥선반,전자레인지 선반,밥통선반
2187,밥솥선반,밥솥 수납장,밥솥수납장600
2188,밥솥선반,밥솥 수납장,밥솥수납장400
2189,밥솥선반,밥솥 수납장,전기밥솥 수납장
2190,밥솥선반,밥솥 수납장,전자렌지 수납장
2191,밥솥선반,밥솥 수납장,렌지대 수납장
2192,밥솥선반,밥솥 수납장,밥솥 선반
2193,밥솥선반,밥솥 수납장,밥솥장
2194,밥솥선반,밥솥 수납장,밥솥다이
2195,밥솥선반,밥솥 수납장,광파오븐 수납장
2196,밥솥선반,밥솥 수납장,밥솥 거치대
2197,밥솥선반,밥솥다이,미니 밥솥다이
2198,밥솥선반,밥솥다이,밥솥 선반
2199,밥솥선반,밥솥다이,전자렌지다이
2200,밥솥선반,밥솥다이,밥솥장
2201,밥솥선반,밥솥다이,밥솥 수납장
2202,밥솥선반,밥솥다이,주방다이
2203,밥솥선반,밥솥다이,밥솥 거치대
2204,밥솥선반,밥솥다이,광파오븐다이
2205,밥솥선반,밥솥다이,밥솥 수납
2206,밥솥선반,큐커 선반,비스코프 큐커
2207,밥솥선반,큐커 선반,큐커 빌트인
2208,밥솥선반,광파오븐 선반,광파오븐 렌지대
2209,밥솥선반,광파오븐 선반,광파오븐 수납장
2210,밥솥선반,광파오븐 선반,광파오븐다이
2211,밥솥선반,광파오븐 선반,광파오븐수납
2212,밥솥선반,광파오븐 선반,전자레인지 선반
2213,밥솥선반,광파오븐 선반,밥솥 선반
2214,밥솥선반,광파오븐 선반,큐커 선반
2215,밥솥선반,렌지선반,전자렌지 수납장
2216,밥솥선반,렌지선반,전자레인지 선반
2217,밥솥선반,렌지선반,전자렌지대
2218,밥솥선반,렌지선반,밥솥 선반
2219,밥솥선반,렌지선반,전자렌지다이
2220,밥솥선반,렌지선반,렌지장
2221,밥솥선반,렌지선반,오븐선반
2222,밥솥선반,렌지선반,젖병소독기 선반
2223,밥솥선반,렌지선반,밥통선반
2224,실리콘네온사인,네온사인 주문제작,주문제작 무드등
2225,실리콘네온사인,네온사인 주문제작,네온주문제작
2226,실리콘네온사인,네온사인 주문제작,led 주문제작
2227,실리콘네온사인,네온사인 주문제작,네온사인 만들기
2228,실리콘네온사인,네온사인 주문제작,네온사인 간판
2229,실리콘네온사인,네온사인 주문제작,네온사인 도안
2230,실리콘네온사인,네온사인 주문제작,오픈 네온사인
2231,실리콘네온사인,네온사인 주문제작,네온사인 조명
2232,실리콘네온사인,네온사인 주문제작,네온사인 문구
2233,실리콘네온사인,네온사인 주문제작,네온사인 무드등
2234,실리콘네온사인,네온사인 만들기,네온사인 주문제작
2235,실리콘네온사인,네온사인 만들기,실리콘네온사인
2236,실리콘네온사인,네온사인 만들기,네온사인 간판
2237,실리콘네온사인,네온사인 만들기,무드등 만들기
2238,실리콘네온사인,네온사인 만들기,네온사인 도안
2239,실리콘네온사인,네온사인 만들기,네온사인 조명
2240,실리콘네온사인,네온사인 만들기,조명만들기
2241,실리콘네온사인,네온사인 만들기,diy만들기
2242,실리콘네온사인,네온사인 만들기,네온사인키트
2243,실리콘네온사인,네온사인 만들기,네온사인글씨
2244,실리콘네온사인,led네온사인,led 간접조명
2245,실리콘네온사인,led네온사인,네온사인 주문제작
2246,실리콘네온사인,led네온사인,led 줄조명
2247,실리콘네온사인,led네온사인,실리콘네온사인
2248,실리콘네온사인,led네온사인,네온사인 만들기
2249,실리콘네온사인,led네온사인,led 식탁등
2250,실리콘네온사인,led네온사인,led 글씨
2251,실리콘네온사인,led네온사인,led 네온바
2252,실리콘네온사인,아크릴네온사인,실리콘 네온사인
2253,소파3인용,3인용 소파커버,소파커버
2254,소파3인용,3인용 소파커버,4인용 소파커버
2255,소파3인용,3인용 소파커버,3인용 쇼파커버
2256,소파3인용,3인용 소파커버,3인용 소파패드
2257,소파3인용,3인용 소파커버,여름 소파커버
2258,소파3인용,3인용 소파커버,패브릭소파 커버
2259,소파3인용,3인용 소파커버,카우치소파커버
2260,소파3인용,3인용 소파커버,2인용 소파커버
2261,소파3인용,3인용소파,3인용 소파커버
2262,소파3인용,3인용소파,3인용 소파패드
2263,소파3인용,3인용소파,한샘 밀로 패브릭소파 3인용
2264,소파3인용,3인용소파,3인용패브릭소파
2265,소파3인용,3인용소파,소파 3인용
2266,소파3인용,3인용소파,3인용 가죽소파
2267,소파3인용,3인용소파,3인용천연가죽소파
2268,소파3인용,3인용소파,가죽소파3인용
2269,소파3인용,3인용소파,소파
2270,소파3인용,3인용소파,3인용쇼파
2271,소파3인용,3인용 소파패드,소파패드
2272,소파3인용,3인용 소파패드,3인용 소파커버
2273,소파3인용,한샘 밀로 패브릭소파 3인용,한샘 밀로 패브릭소파
2274,소파3인용,3인용패브릭소파,한샘 밀로 패브릭소파 3인용
2275,소파3인용,3인용패브릭소파,패브릭 소파
2276,소파3인용,3인용패브릭소파,3인용 소파
2277,소파3인용,3인용패브릭소파,4인용패브릭소파
2278,소파3인용,3인용가죽소파,3인용천연가죽소파
2279,소파3인용,3인용가죽소파,가죽소파3인용
2280,소파3인용,3인용가죽소파,가죽소파
2281,소파3인용,3인용가죽소파,3인용 가죽쇼파
2282,소파3인용,3인용가죽소파,3인용 소파
2283,소파3인용,3인용천연가죽소파,천연가죽소파
2284,소파3인용,가죽소파3인용,3인용가죽소파
2285,소파3인용,가죽소파3인용,3인용천연가죽소파
2286,소파3인용,가죽소파3인용,가죽소파
2287,소파3인용,소파,이케아 소파
2288,소파3인용,소파,일룸 소파
2289,소파3인용,소파,한샘 소파
2290,소파3인용,소파,1인 소파
2291,소파3인용,소파,패브릭 소파
2292,소파3인용,소파,소파 쇼파
2293,소파3인용,소파,쇼파 소파
2294,소파3인용,소파,자코모소파
2295,소파3인용,소파,소파베드
2296,소파3인용,소파,리클라이너소파
2297,식탁6인용,6인용식탁,6인용 세라믹식탁
2298,식탁6인용,6인용식탁,6인용 원목식탁
2299,식탁6인용,6인용식탁,6인용 포세린식탁
2300,식탁6인용,6인용식탁,6인용 식탁세트
2301,식탁6인용,6인용식탁,6인용 대리석 식탁
2302,식탁6인용,6인용식탁,모던6인용식탁
2303,식탁6인용,6인용식탁,6인용식탁의자
2304,식탁6인용,6인용식탁,6인용엔틱식탁
2305,식탁6인용,6인용식탁,6인용 낮은식탁
2306,식탁6인용,6인용식탁,월넛6인용식탁
2307,식탁6인용,6인용 세라믹식탁,4인 세라믹 식탁
2308,식탁6인용,6인용 세라믹식탁,6인용 원목식탁
2309,식탁6인용,6인용 세라믹식탁,6인용 포세린식탁
2310,식탁6인용,6인용 세라믹식탁,원목세라믹식탁
2311,식탁6인용,6인용 세라믹식탁,마블릭 세라믹식탁
2312,식탁6인용,6인용 세라믹식탁,8인용 세라믹식탁
2313,식탁6인용,6인용 세라믹식탁,6인용 식탁세트
2314,식탁6인용,6인용 세라믹식탁,6인세라믹 식탁
2315,식탁6인용,6인용 세라믹식탁,양면세라믹식탁
2316,식탁6인용,6인용 세라믹식탁,확장형 세라믹식탁
2317,식탁6인용,6인용 세라믹식탁,4인 세라믹 식탁
2318,식탁6인용,6인용 세라믹식탁,6인용 원목식탁
2319,식탁6인용,6인용 세라믹식탁,6인용 포세린식탁
2320,식탁6인용,6인용 세라믹식탁,원목세라믹식탁
2321,식탁6인용,6인용 세라믹식탁,마블릭 세라믹식탁
2322,식탁6인용,6인용 세라믹식탁,8인용 세라믹식탁
2323,식탁6인용,6인용 세라믹식탁,6인용 식탁세트
2324,식탁6인용,6인용 세라믹식탁,6인세라믹 식탁
2325,식탁6인용,6인용 세라믹식탁,양면세라믹식탁
2326,식탁6인용,6인용 세라믹식탁,확장형 세라믹식탁
2327,식탁세라믹,6인용 세라믹식탁,4인 세라믹 식탁
2328,식탁세라믹,6인용 세라믹식탁,6인용 원목식탁
2329,식탁세라믹,6인용 세라믹식탁,6인용 포세린식탁
2330,식탁세라믹,6인용 세라믹식탁,원목세라믹식탁
2331,식탁세라믹,6인용 세라믹식탁,마블릭 세라믹식탁
2332,식탁세라믹,6인용 세라믹식탁,8인용 세라믹식탁
2333,식탁세라믹,6인용 세라믹식탁,6인용 식탁세트
2334,식탁세라믹,6인용 세라믹식탁,6인세라믹 식탁
2335,식탁세라믹,6인용 세라믹식탁,양면세라믹식탁
2336,식탁세라믹,6인용 세라믹식탁,확장형 세라믹식탁
2337,식탁세라믹,6인용 세라믹식탁,4인 세라믹 식탁
2338,식탁세라믹,6인용 세라믹식탁,6인용 원목식탁
2339,식탁세라믹,6인용 세라믹식탁,6인용 포세린식탁
2340,식탁세라믹,6인용 세라믹식탁,원목세라믹식탁
2341,식탁세라믹,6인용 세라믹식탁,마블릭 세라믹식탁
2342,식탁세라믹,6인용 세라믹식탁,8인용 세라믹식탁
2343,식탁세라믹,6인용 세라믹식탁,6인용 식탁세트
2344,식탁세라믹,6인용 세라믹식탁,6인세라믹 식탁
2345,식탁세라믹,6인용 세라믹식탁,양면세라믹식탁
2346,식탁세라믹,6인용 세라믹식탁,확장형 세라믹식탁
2347,식탁6인용,6인용식탁세트,6인용 세라믹식탁
2348,식탁6인용,6인용식탁세트,원형식탁세트
2349,식탁6인용,6인용식탁세트,6인용 원목식탁
2350,식탁6인용,6인용식탁세트,6인용 포세린식탁
2351,식탁6인용,6인용식탁세트,4인 식탁세트
2352,식탁6인용,6인용식탁세트,6인용 대리석 식탁
2353,식탁6인용,6인용식탁세트,모던6인용식탁
2354,식탁6인용,6인용식탁세트,6인 식탁세트
2355,식탁6인용,6인용식탁세트,8인용식탁세트
2356,식탁6인용,6인용식탁세트,6인용식탁의자
2357,식탁6인용,6인용원목식탁,6인용 세라믹식탁
2358,식탁6인용,6인용원목식탁,6인용 포세린식탁
2359,식탁6인용,6인용원목식탁,4인용 원목식탁
2360,식탁6인용,6인용원목식탁,원목세라믹식탁
2361,식탁6인용,6인용원목식탁,원목6인식탁
2362,식탁6인용,6인용원목식탁,6인용 식탁세트
2363,식탁6인용,6인용원목식탁,수입원목식탁
2364,식탁6인용,6인용원목식탁,6인용 대리석 식탁
2365,식탁6인용,6인용원목식탁,모던6인용식탁
2366,식탁6인용,6인용원목식탁,2인원목식탁
2367,식탁6인용,6인용 포세린식탁,6인용 세라믹식탁
2368,식탁6인용,6인용 포세린식탁,포세린 세라믹 식탁
2369,식탁6인용,6인용 포세린식탁,6인용 원목식탁
2370,식탁6인용,6인용 포세린식탁,6인용 식탁세트
2371,식탁6인용,6인용 포세린식탁,6인용 대리석 식탁
2372,식탁6인용,6인용 포세린식탁,포세린4인식탁
2373,식탁6인용,6인용 포세린식탁,6인용엔틱식탁
2374,식탁6인용,6인용 포세린식탁,화산석식탁6인용
2375,식탁6인용,6인용 포세린식탁,포세린 6인식탁
2376,식탁6인용,6인용 포세린식탁,8인용 포세린 식탁
2377,식탁6인용,한샘 6인용 식탁,6인용 세라믹식탁
2378,식탁6인용,한샘 6인용 식탁,한샘 식탁세트
2379,식탁6인용,한샘 6인용 식탁,6인용 원목식탁
2380,식탁6인용,한샘 6인용 식탁,6인용 포세린식탁
2381,식탁6인용,한샘 6인용 식탁,한샘 4인식탁
2382,식탁6인용,한샘 6인용 식탁,한샘 오슬로 식탁
2383,식탁6인용,한샘 6인용 식탁,한샘 6인식탁
2384,식탁6인용,한샘 6인용 식탁,한샘 세라믹 식탁
2385,식탁6인용,한샘 6인용 식탁,6인용 식탁세트
2386,식탁6인용,한샘 6인용 식탁,이케아 6인용식탁
2387,식탁6인용,6인용 대리석식탁,6인용 천연대리석 식탁
2388,식탁6인용,6인용 대리석식탁,6인용 세라믹식탁
2389,식탁6인용,6인용 대리석식탁,4인용대리석식탁
2390,식탁6인용,6인용 대리석식탁,6인용 원목식탁
2391,식탁6인용,6인용 대리석식탁,6인용 포세린식탁
2392,식탁6인용,6인용 대리석식탁,6인용 식탁세트
2393,식탁6인용,6인용 대리석식탁,6인대리석 식탁
2394,식탁6인용,6인용 대리석식탁,고급6인용식탁
2395,식탁6인용,6인용 대리석식탁,화산석식탁6인용
2396,식탁6인용,6인용 대리석식탁,8인용대리석식탁
2397,식탁6인용,원목6인용식탁,6인용원목식탁
2398,식탁6인용,원목6인용식탁,6인용원목식탁세트
2399,식탁6인용,원목6인용식탁,6인용 식탁
2400,식탁6인용,6인용 세라믹식탁세트,4인 세라믹 식탁
2401,식탁6인용,6인용 세라믹식탁세트,포세린 세라믹 식탁
2402,식탁6인용,6인용 세라믹식탁세트,6인용 원목식탁
2403,식탁6인용,6인용 세라믹식탁세트,6인용 포세린식탁
2404,식탁6인용,6인용 세라믹식탁세트,원목세라믹식탁
2405,식탁6인용,6인용 세라믹식탁세트,8인용 세라믹식탁
2406,식탁6인용,6인용 세라믹식탁세트,4인 식탁세트
2407,식탁6인용,6인용 세라믹식탁세트,6인세라믹 식탁
2408,식탁6인용,6인용 세라믹식탁세트,6인용 대리석 식탁
2409,식탁6인용,이케아 6인용식탁,한샘 6인용 식탁
2410,식탁6인용,이케아 6인용식탁,이케아 확장형 식탁
2411,식탁6인용,이케아 6인용식탁,이케아 4인식탁
2412,식탁6인용,이케아 6인용식탁,이케아 6인식탁
2413,식탁6인용,이케아 6인용식탁,일룸 6인용 식탁
2414,식탁6인용,이케아 6인용식탁,6인용화이트식탁
2415,식탁6인용,이케아 6인용식탁,이케아 8인용 식탁
2416,식탁6인용,이케아 6인용식탁,이케아 달스훌트
2417,식탁6인용,이케아 6인용식탁,이케아 독스타
2418,식탁6인용,이케아 6인용식탁,이케아 에케달렌
2419,식탁세라믹,4인 세라믹 식탁,4인 세라믹 식탁세트
2420,식탁세라믹,4인 세라믹 식탁,6인용 세라믹식탁
2421,식탁세라믹,4인 세라믹 식탁,원목세라믹식탁
2422,식탁세라믹,4인 세라믹 식탁,마블릭 세라믹식탁
2423,식탁세라믹,4인 세라믹 식탁,2인 세라믹 식탁
2424,식탁세라믹,4인 세라믹 식탁,6인세라믹 식탁
2425,식탁세라믹,4인 세라믹 식탁,확장형 세라믹식탁
2426,식탁세라믹,4인 세라믹 식탁,세라믹식탁 1600
2427,식탁세라믹,4인 세라믹 식탁,화이트 세라믹 식탁
2428,식탁세라믹,4인 세라믹 식탁,세라믹 식탁 1200
2429,식탁세라믹,세라믹식탁,6인용 세라믹식탁
2430,식탁세라믹,세라믹식탁,4인 세라믹 식탁
2431,식탁세라믹,세라믹식탁,원목세라믹식탁
2432,식탁세라믹,세라믹식탁,8인용 세라믹식탁
2433,식탁세라믹,세라믹식탁,2인 세라믹 식탁
2434,식탁세라믹,세라믹식탁,6인세라믹 식탁
2435,식탁세라믹,세라믹식탁,양면세라믹식탁
2436,식탁세라믹,세라믹식탁,세라믹식탁 1600
2437,식탁세라믹,세라믹식탁,세라믹 낮은식탁
2438,식탁세라믹,세라믹식탁,세라믹 식탁세트
2439,식탁세라믹,포세린 세라믹 식탁,포세린세라믹6인식탁
2440,식탁세라믹,포세린 세라믹 식탁,6인용 세라믹식탁
2441,식탁세라믹,포세린 세라믹 식탁,원목세라믹식탁
2442,식탁세라믹,포세린 세라믹 식탁,8인용 세라믹식탁
2443,식탁세라믹,포세린 세라믹 식탁,2인 세라믹 식탁
2444,식탁세라믹,포세린 세라믹 식탁,세라믹식탁 1600
2445,식탁세라믹,포세린 세라믹 식탁,세라믹대리석식탁
2446,식탁세라믹,포세린 세라믹 식탁,포세린 원목 식탁
2447,식탁세라믹,포세린 세라믹 식탁,세라믹식탁 주문 제작
2448,식탁세라믹,포세린 세라믹 식탁,포세린확장형식탁
2449,식탁세라믹,세라믹 원형식탁,4인 원형식탁
2450,식탁세라믹,세라믹 원형식탁,6인원형식탁
2451,식탁세라믹,세라믹 원형식탁,원목 원형식탁
2452,식탁세라믹,세라믹 원형식탁,세라믹 식탁 상판
2453,식탁세라믹,세라믹 원형식탁,타원형 세라믹 식탁
2454,식탁세라믹,세라믹 원형식탁,2인용원형식탁
2455,식탁세라믹,세라믹 원형식탁,6인용원형식탁
2456,식탁세라믹,세라믹 원형식탁,포세린 원형식탁
2457,식탁세라믹,세라믹 원형식탁,대리석 원형식탁
2458,식탁세라믹,세라믹 원형식탁,세라믹원형상판
2459,식탁세라믹,4인용 세라믹식탁,4인용 세라믹 식탁세트 화이트
2460,식탁세라믹,4인용 세라믹식탁,6인용 세라믹식탁
2461,식탁세라믹,4인용 세라믹식탁,4인용 세라믹 식탁세트 화이트
2462,식탁세라믹,4인용 세라믹식탁,6인용 세라믹식탁
2463,식탁4인용,4인용 세라믹식탁,4인용 세라믹 식탁세트 화이트
2464,식탁4인용,4인용 세라믹식탁,6인용 세라믹식탁
2465,식탁4인용,4인용 세라믹식탁,4인용 세라믹 식탁세트 화이트
2466,식탁4인용,4인용 세라믹식탁,6인용 세라믹식탁
2467,식탁세라믹,한샘세라믹식탁,한샘세라믹6인식탁
2468,식탁세라믹,한샘세라믹식탁,6인용 세라믹식탁
2469,식탁세라믹,한샘세라믹식탁,4인 세라믹 식탁
2470,식탁세라믹,한샘세라믹식탁,한샘 식탁세트
2471,식탁세라믹,한샘세라믹식탁,포세린 세라믹 식탁
2472,식탁세라믹,한샘세라믹식탁,세라믹 원형식탁
2473,식탁세라믹,한샘세라믹식탁,리바트 세라믹식탁
2474,식탁세라믹,한샘세라믹식탁,한샘 도노 세라믹
2475,식탁세라믹,한샘세라믹식탁,한샘 오슬로 식탁
2476,식탁세라믹,한샘세라믹식탁,까사미아 세라믹식탁
2477,식탁세라믹,리바트 세라믹식탁,리바트 세라믹 6인 식탁
2478,식탁세라믹,리바트 세라믹식탁,6인용 세라믹식탁
2479,식탁세라믹,리바트 세라믹식탁,4인 세라믹 식탁
2480,식탁세라믹,리바트 세라믹식탁,포세린 세라믹 식탁
2481,식탁세라믹,리바트 세라믹식탁,리바트 식탁세트
2482,식탁세라믹,리바트 세라믹식탁,까사미아 세라믹식탁
2483,식탁세라믹,리바트 세라믹식탁,한샘 세라믹 식탁
2484,식탁세라믹,리바트 세라믹식탁,에몬스 세라믹식탁
2485,식탁세라믹,리바트 세라믹식탁,확장형 세라믹식탁
2486,식탁세라믹,리바트 세라믹식탁,일룸 세라믹식탁
2487,식탁세라믹,원목세라믹식탁,원목세라믹식탁6인
2488,식탁세라믹,원목세라믹식탁,6인용 세라믹식탁
2489,식탁세라믹,원목세라믹식탁,4인 세라믹 식탁
2490,식탁세라믹,원목세라믹식탁,6인용 원목식탁
2491,식탁세라믹,원목세라믹식탁,4인용 원목식탁
2492,식탁세라믹,원목세라믹식탁,마블릭 세라믹식탁
2493,식탁세라믹,원목세라믹식탁,8인용 세라믹식탁
2494,식탁세라믹,원목세라믹식탁,양면세라믹식탁
2495,식탁세라믹,원목세라믹식탁,세라믹식탁 1600
2496,식탁세라믹,원목세라믹식탁,포세린 원목 식탁
2497,침대프레임원목,원목침대프레임,원목 침대프레임 퀸
2498,침대프레임원목,원목침대프레임,고무나무 원목 침대프레임
2499,침대프레임원목,원목침대프레임,호텔식 침대프레임
2500,침대프레임원목,원목침대프레임,원목수납침대
2501,침대프레임원목,원목침대프레임,원목평상형침대
2502,침대프레임원목,원목침대프레임,가죽침대프레임
2503,침대프레임원목,원목침대프레임,엔틱침대프레임
2504,침대프레임원목,원목침대프레임,원목싱글침대
2505,침대프레임원목,원목침대프레임,철제침대프레임
2506,침대프레임원목,원목침대프레임,원목서랍침대
2507,침대프레임원목,침대 원목 프레임,원목침대프레임
2508,침대프레임원목,침대 원목 프레임,원목침대프레임퀸
2509,침대프레임원목,침대 원목 프레임,이케아 원목 침대 프레임
2510,침대프레임원목,침대 원목 프레임,침대프레임 원목
2511,침대프레임원목,침대 원목 프레임,침대 프레임
2512,침대프레임원목,침대 원목 프레임,원목 프레임
2513,침대프레임원목,침대 원목 프레임,침대 원목 깔판
2514,침대프레임원목,원목침대프레임퀸,킹침대프레임
2515,침대프레임원목,원목침대프레임퀸,싱글침대프레임
2516,침대프레임원목,원목침대프레임퀸,수납침대프레임
2517,침대프레임원목,원목침대프레임퀸,호텔 침대 프레임
2518,침대프레임원목,원목침대프레임퀸,철제침대프레임
2519,침대프레임원목,원목침대프레임퀸,킹침대프레임
2520,침대프레임원목,원목침대프레임퀸,싱글침대프레임
2521,침대프레임원목,원목침대프레임퀸,수납침대프레임
2522,침대프레임원목,원목침대프레임퀸,호텔 침대 프레임
2523,침대프레임원목,원목침대프레임퀸,철제침대프레임
2524,침대프레임퀸,원목침대프레임퀸,킹침대프레임
2525,침대프레임퀸,원목침대프레임퀸,싱글침대프레임
2526,침대프레임퀸,원목침대프레임퀸,수납침대프레임
2527,침대프레임퀸,원목침대프레임퀸,호텔 침대 프레임
2528,침대프레임퀸,원목침대프레임퀸,철제침대프레임
2529,침대프레임퀸,원목침대프레임퀸,킹침대프레임
2530,침대프레임퀸,원목침대프레임퀸,싱글침대프레임
2531,침대프레임퀸,원목침대프레임퀸,수납침대프레임
2532,침대프레임퀸,원목침대프레임퀸,호텔 침대 프레임
2533,침대프레임퀸,원목침대프레임퀸,철제침대프레임
2534,침대프레임원목,침대 프레임,퀸 침대 프레임
2535,침대프레임원목,침대 프레임,저상형 침대 프레임
2536,침대프레임원목,침대 프레임,원목침대프레임
2537,침대프레임원목,침대 프레임,킹침대프레임
2538,침대프레임원목,침대 프레임,편백나무침대프레임
2539,침대프레임원목,침대 프레임,싱글침대프레임
2540,침대프레임원목,침대 프레임,평상형 침대프레임
2541,침대프레임원목,침대 프레임,수납침대프레임
2542,침대프레임원목,침대 프레임,호텔 침대 프레임
2543,침대프레임원목,침대 프레임,무헤드 침대프레임
2544,침대프레임원목,침대 프레임,퀸 침대 프레임
2545,침대프레임원목,침대 프레임,저상형 침대 프레임
2546,침대프레임원목,침대 프레임,원목침대프레임
2547,침대프레임원목,침대 프레임,킹침대프레임
2548,침대프레임원목,침대 프레임,편백나무침대프레임
2549,침대프레임원목,침대 프레임,싱글침대프레임
2550,침대프레임원목,침대 프레임,평상형 침대프레임
2551,침대프레임원목,침대 프레임,수납침대프레임
2552,침대프레임원목,침대 프레임,호텔 침대 프레임
2553,침대프레임원목,침대 프레임,무헤드 침대프레임
2554,침대프레임퀸,침대 프레임,퀸 침대 프레임
2555,침대프레임퀸,침대 프레임,저상형 침대 프레임
2556,침대프레임퀸,침대 프레임,원목침대프레임
2557,침대프레임퀸,침대 프레임,킹침대프레임
2558,침대프레임퀸,침대 프레임,편백나무침대프레임
2559,침대프레임퀸,침대 프레임,싱글침대프레임
2560,침대프레임퀸,침대 프레임,평상형 침대프레임
2561,침대프레임퀸,침대 프레임,수납침대프레임
2562,침대프레임퀸,침대 프레임,호텔 침대 프레임
2563,침대프레임퀸,침대 프레임,무헤드 침대프레임
2564,침대프레임퀸,침대 프레임,퀸 침대 프레임
2565,침대프레임퀸,침대 프레임,저상형 침대 프레임
2566,침대프레임퀸,침대 프레임,원목침대프레임
2567,침대프레임퀸,침대 프레임,킹침대프레임
2568,침대프레임퀸,침대 프레임,편백나무침대프레임
2569,침대프레임퀸,침대 프레임,싱글침대프레임
2570,침대프레임퀸,침대 프레임,평상형 침대프레임
2571,침대프레임퀸,침대 프레임,수납침대프레임
2572,침대프레임퀸,침대 프레임,호텔 침대 프레임
2573,침대프레임퀸,침대 프레임,무헤드 침대프레임
2574,식탁4인용,4인용대리석식탁,4인용 대리석 식탁세트
2575,식탁4인용,4인용대리석식탁,4인용 원목식탁
2576,식탁4인용,4인용대리석식탁,2인대리석식탁
2577,식탁4인용,4인용대리석식탁,6인용 대리석 식탁
2578,식탁4인용,4인용대리석식탁,천연대리석식탁
2579,식탁4인용,4인용대리석식탁,골드대리석식탁
2580,식탁4인용,4인용대리석식탁,6인대리석 식탁
2581,식탁4인용,4인용대리석식탁,4인용벤치식탁
2582,식탁4인용,4인용대리석식탁,화산석 식탁 4인용
2583,식탁4인용,4인용대리석식탁,인조대리석4인식탁
2584,식탁4인용,4인용원목식탁,4인용 원목 식탁세트
2585,식탁4인용,4인용원목식탁,4인용대리석식탁
2586,식탁4인용,4인용원목식탁,6인용 원목식탁
2587,식탁4인용,4인용원목식탁,원목세라믹식탁
2588,식탁4인용,4인용원목식탁,원목6인식탁
2589,식탁4인용,4인용원목식탁,수입원목식탁
2590,식탁4인용,4인용원목식탁,2인원목식탁
2591,식탁4인용,4인용원목식탁,월넛원목식탁
2592,식탁4인용,4인용원목식탁,고무나무 원목식탁
2593,식탁4인용,4인용원목식탁,원목식탁 1400
2594,식탁4인용,4인용 원형식탁,원형식탁
2595,식탁4인용,4인용 원형식탁,6인용 원형식탁
2596,식탁4인용,식탁2인용,2인용원형식탁
2597,식탁4인용,식탁2인용,2인용 세라믹식탁
2598,식탁4인용,식탁2인용,2인용 접이식 식탁세트
2599,식탁4인용,식탁2인용,2인용대리석식탁
2600,식탁4인용,식탁2인용,2인용원목식탁
2601,식탁4인용,식탁2인용,식탁4인용
2602,침대프레임퀸,퀸 침대 프레임,수납침대프레임퀸
2603,침대프레임퀸,퀸 침대 프레임,킹침대프레임
2604,침대프레임퀸,퀸 침대 프레임,편백나무침대프레임
2605,침대프레임퀸,퀸 침대 프레임,싱글침대프레임
2606,침대프레임퀸,퀸 침대 프레임,호텔 침대 프레임
2607,침대프레임퀸,퀸 침대 프레임,더블침대 프레임
2608,침대프레임퀸,퀸 침대 프레임,패밀리침대프레임
2609,침대프레임퀸,퀸 침대 프레임,엔틱침대프레임
2610,침대프레임퀸,퀸 침대 프레임,조립식 침대 프레임
2611,침대프레임퀸,퀸 침대 프레임,평상형퀸침대
2612,침대프레임퀸,침대 퀸 프레임,퀸 침대 프레임
2613,침대프레임퀸,침대 퀸 프레임,침대프레임 퀸
2614,침대프레임퀸,침대 퀸 프레임,퀸사이즈침대프레임
2615,침대프레임퀸,침대 퀸 프레임,수납침대프레임퀸
2616,침대프레임퀸,침대 퀸 프레임,원목침대프레임퀸
2617,침대프레임퀸,침대 퀸 프레임,퀸사이즈침대
2618,침대프레임퀸,침대 퀸 프레임,퀸침대추천
2619,침대프레임퀸,침대 퀸 프레임,퀸 프레임
2620,침대프레임퀸,퀸사이즈침대프레임,퀸사이즈 프레임
2621,침대프레임퀸,퀸사이즈침대프레임,퀸침대추천
2622,침대프레임퀸,수납침대프레임퀸,퀸침대프레임서랍
2623,침대프레임퀸,수납침대프레임퀸,수납침대프레임 킹
2624,침대프레임퀸,수납침대프레임퀸,원목침대프레임
2625,침대프레임퀸,수납침대프레임퀸,싱글침대프레임
2626,침대프레임퀸,수납침대프레임퀸,호텔 침대 프레임
2627,침대프레임퀸,수납침대프레임퀸,높은 침대프레임
2628,도토리수납함,슬라이딩 수납함,펜트리 수납함
2629,도토리수납함,슬라이딩 수납함,옷장수납함
2630,도토리수납함,슬라이딩 수납함,미니수납함
2631,도토리수납함,슬라이딩 수납함,아크릴 수납함
2632,도토리수납함,슬라이딩 수납함,원목 수납함
2633,도토리수납함,슬라이딩 수납함,라탄수납함
2634,도토리수납함,슬라이딩 수납함,우드 수납함
2635,도토리수납함,슬라이딩 수납함,서랍 수납함
2636,도토리수납함,슬라이딩 수납함,슬라이딩 수납박스
2637,도토리수납함,슬라이딩 수납함,빈티지 수납함
2638,도토리수납함,미니수납함,슬라이딩 수납함
2639,도토리수납함,미니수납함,원목 수납함
2640,도토리수납함,미니수납함,우드 수납함
2641,도토리수납함,미니수납함,서랍 수납함
2642,도토리수납함,미니수납함,빈티지 수납함
2643,도토리수납함,미니수납함,철제수납함
2644,도토리수납함,미니수납함,커피수납함
2645,도토리수납함,미니수납함,소품수납함
2646,도토리수납함,미니수납함,악세사리 수납함
2647,도토리수납함,미니수납함,인테리어 수납함
2648,도토리수납함,원목 수납함,미니수납함
2649,도토리수납함,원목 수납함,라탄수납함
2650,도토리수납함,원목 수납함,원목수납정리함
2651,도토리수납함,원목 수납함,우드 수납함
2652,도토리수납함,원목 수납함,원목 보관함
2653,도토리수납함,원목 수납함,빈티지 수납함
2654,도토리수납함,원목 수납함,소품수납함
2655,도토리수납함,원목 수납함,인테리어 수납함
2656,도토리수납함,원목 수납함,대나무 수납함
2657,도토리수납함,원목 수납함,목재수납함
2658,도토리수납함,라탄수납함,슬라이딩 수납함
2659,도토리수납함,라탄수납함,미니수납함
2660,도토리수납함,라탄수납함,원목 수납함
2661,도토리수납함,라탄수납함,우드 수납함
2662,도토리수납함,라탄수납함,뚜껑수납함
2663,도토리수납함,라탄수납함,대나무 수납함
2664,도토리수납함,라탄수납함,소품수납함
2665,도토리수납함,우드 수납함,우드박스
2666,도토리수납함,우드 수납함,슬라이딩 수납함
2667,도토리수납함,우드 수납함,미니수납함
2668,도토리수납함,우드 수납함,원목 수납함
2669,도토리수납함,우드 수납함,라탄수납함
2670,도토리수납함,우드 수납함,빈티지 수납함
2671,도토리수납함,우드 수납함,소품수납함
2672,도토리수납함,우드 수납함,뚜껑수납함
2673,도토리수납함,서랍 수납함,수납함
2674,도토리수납함,서랍 수납함,서랍수납장
2675,도토리수납함,서랍 수납함,서랍수납
2676,도토리수납함,뚜껑수납함,수납함
2677,침대슈퍼싱글,슈퍼싱글침대,슈퍼싱글 침대프레임
2678,침대슈퍼싱글,슈퍼싱글침대,슈퍼싱글침대커버
2679,침대슈퍼싱글,슈퍼싱글침대,슈퍼싱글수납침대
2680,침대슈퍼싱글,슈퍼싱글침대,침대 슈퍼싱글 사이즈
2681,침대슈퍼싱글,슈퍼싱글침대,한샘 슈퍼싱글침대
2682,침대슈퍼싱글,슈퍼싱글침대,침대 슈퍼싱글
2683,침대슈퍼싱글,슈퍼싱글침대,원목슈퍼싱글침대
2684,침대슈퍼싱글,슈퍼싱글침대,어린이슈퍼싱글침대
2685,침대슈퍼싱글,슈퍼싱글침대,슈퍼싱글침대싸이즈
2686,침대슈퍼싱글,슈퍼싱글침대,리바트 슈퍼싱글침대
2687,침대슈퍼싱글,슈퍼싱글 침대프레임,슈퍼싱글수납침대프레임
2688,침대슈퍼싱글,슈퍼싱글 침대프레임,퀸 침대 프레임
2689,침대슈퍼싱글,슈퍼싱글 침대프레임,원목침대프레임
2690,침대슈퍼싱글,슈퍼싱글 침대프레임,킹침대프레임
2691,침대슈퍼싱글,슈퍼싱글 침대프레임,편백나무침대프레임
2692,침대슈퍼싱글,슈퍼싱글 침대프레임,호텔 침대 프레임
2693,침대슈퍼싱글,슈퍼싱글 침대프레임,무헤드 침대프레임
2694,침대슈퍼싱글,슈퍼싱글 침대프레임,더블침대 프레임
2695,침대슈퍼싱글,슈퍼싱글 침대프레임,ss침대프레임
2696,침대슈퍼싱글,슈퍼싱글 침대프레임,원목슈퍼싱글침대
2697,침대슈퍼싱글,슈퍼싱글침대커버,슈퍼싱글침대방수커버
2698,침대슈퍼싱글,슈퍼싱글침대커버,슈퍼싱글 매트리스커버
2699,침대슈퍼싱글,슈퍼싱글침대커버,침대매트커버
2700,침대슈퍼싱글,슈퍼싱글침대커버,호텔침대커버
2701,침대슈퍼싱글,슈퍼싱글침대커버,ss침대커버
2702,침대슈퍼싱글,슈퍼싱글침대커버,슈퍼싱글침대매트
2703,침대슈퍼싱글,슈퍼싱글침대커버,어린이침대커버
2704,침대슈퍼싱글,슈퍼싱글침대커버,고무줄침대커버
2705,침대슈퍼싱글,슈퍼싱글침대커버,일체형침대커버
2706,침대슈퍼싱글,슈퍼싱글침대커버,고시원 침대커버
2707,침대슈퍼싱글,슈퍼싱글수납침대,슈퍼싱글 수납침대프레임
2708,침대슈퍼싱글,슈퍼싱글수납침대,슈퍼싱글침대
2709,침대슈퍼싱글,슈퍼싱글수납침대,수납침대
2710,침대슈퍼싱글,슈퍼싱글수납침대,무헤드 수납침대
2711,침대슈퍼싱글,침대 슈퍼싱글 사이즈,슈퍼싱글 침대 사이즈
2712,침대슈퍼싱글,침대 슈퍼싱글 사이즈,슈퍼싱글 사이즈
2713,침대슈퍼싱글,침대 슈퍼싱글 사이즈,침대 퀸사이즈
2714,침대슈퍼싱글,침대 슈퍼싱글 사이즈,침대 더블 사이즈
2715,침대슈퍼싱글,침대 슈퍼싱글 사이즈,침대 싱글 사이즈
2716,침대슈퍼싱글,침대 슈퍼싱글 사이즈,침대 슈퍼싱글
2717,침대슈퍼싱글,한샘 슈퍼싱글침대,슈퍼싱글침대
2718,침대슈퍼싱글,한샘 슈퍼싱글침대,한샘침대
2719,침대슈퍼싱글,한샘 슈퍼싱글침대,한샘 싱글침대
2720,침대슈퍼싱글,한샘 슈퍼싱글침대,일룸 슈퍼싱글침대
2721,침대슈퍼싱글,한샘 슈퍼싱글침대,리바트 슈퍼싱글침대
2722,침대슈퍼싱글,한샘 슈퍼싱글침대,에이스슈퍼싱글침대
2723,침대슈퍼싱글,한샘 슈퍼싱글침대,한샘 슈퍼싱글
2724,침대슈퍼싱글,한샘 슈퍼싱글침대,한샘 슈퍼싱글 매트리스
2725,침대슈퍼싱글,원목슈퍼싱글침대,슈퍼싱글 원목침대
2726,침대슈퍼싱글,원목슈퍼싱글침대,슈퍼싱글침대
2727,침대슈퍼싱글,어린이슈퍼싱글침대,슈퍼싱글침대
2728,침대슈퍼싱글,어린이슈퍼싱글침대,어린이침대
2729,침대슈퍼싱글,일룸 슈퍼싱글침대,일룸 쿠시노침대
2730,침대슈퍼싱글,일룸 슈퍼싱글침대,일룸 수납침대
2731,침대슈퍼싱글,일룸 슈퍼싱글침대,일룸 침대 ss
2732,침대슈퍼싱글,일룸 슈퍼싱글침대,리바트슈퍼싱글침대
2733,침대슈퍼싱글,일룸 슈퍼싱글침대,일룸 반트
2734,침대슈퍼싱글,리바트 슈퍼싱글침대,리바트 침대프레임
2735,침대슈퍼싱글,리바트 슈퍼싱글침대,한샘 슈퍼싱글침대
2736,침대슈퍼싱글,리바트 슈퍼싱글침대,리바트 필로시
2737,쇼파3인,3인쇼파,3인가죽쇼파
2738,쇼파3인,3인쇼파,3인쇼파추천
2739,쇼파3인,3인쇼파,패브릭3인쇼파
2740,쇼파3인,3인쇼파,이케아 3인쇼파
2741,쇼파3인,3인쇼파,저렴한3인쇼파
2742,쇼파3인,3인쇼파,쇼파
2743,쇼파3인,3인쇼파,3인용쇼파
2744,쇼파3인,3인쇼파,자코모 4인쇼파
2745,쇼파3인,3인쇼파,자코모 3인소파
2746,쇼파3인,3인쇼파,4인쇼파
2747,쇼파3인,3인가죽쇼파,3인쇼파
2748,쇼파3인,3인가죽쇼파,가죽쇼파
2749,쇼파3인,3인가죽쇼파,4인가죽쇼파
2750,쇼파3인,3인가죽쇼파,3인 가죽소파
2751,쇼파3인,3인가죽쇼파,2인가죽쇼파
2752,쇼파3인,까사미아 3인쇼파,까사미아3인가죽쇼파
2753,쇼파3인,까사미아 3인쇼파,까사미아 1인쇼파
2754,쇼파3인,까사미아 3인쇼파,리바트 3인쇼파
2755,쇼파3인,까사미아 3인쇼파,까사미아 2인쇼파
2756,쇼파3인,까사미아 3인쇼파,까사미아 4인쇼파
2757,쇼파3인,까사미아 3인쇼파,까사미아 캄포
2758,쇼파3인,까사미아 3인쇼파,까사미아 벨로니
2759,쇼파3인,까사미아 3인쇼파,까사미아 라벨로
2760,쇼파3인,까사미아 3인쇼파,까사미아 비엘라
2761,쇼파3인,까사미아 3인쇼파,까사미아 비앙코
2762,쇼파3인,3인쇼파커버,쇼파커버
2763,쇼파3인,3인쇼파커버,3인쇼파패드
2764,쇼파3인,리바트 3인쇼파,리바트 3인 가죽쇼파
2765,쇼파3인,리바트 3인쇼파,리바트4인쇼파
2766,쇼파3인,리바트 3인쇼파,리바트 몰리세 3인
2767,쇼파3인,리바트 3인쇼파,리바트 2인쇼파
2768,쇼파3인,리바트 3인쇼파,동서가구3인쇼파
2769,쇼파3인,리바트 3인쇼파,삼익쇼파3인
2770,쇼파3인,리바트 3인쇼파,리바트 그란디오소
2771,쇼파3인,리바트 3인쇼파,리바트 발렌
2772,쇼파3인,리바트 3인쇼파,리바트 아롱디
2773,쇼파3인,패브릭3인쇼파,3인쇼파
2774,쇼파3인,이케아 3인쇼파,이케아 쇼파
2775,쇼파3인,이케아 3인쇼파,3인쇼파
2776,쇼파3인,이케아 3인쇼파,이케아 페루프
2777,쇼파3인,저렴한3인쇼파,3인쇼파
2778,쇼파3인,저렴한3인쇼파,3인쇼파추천
2779,쇼파3인,3인쇼파패드,3인쇼파커버
2780,네이즌쿨매트,침대 쿨매트,패밀리침대 쿨매트
2781,네이즌쿨매트,침대 쿨매트,침대 쿨패드
2782,네이즌쿨매트,침대 쿨매트,듀라론 쿨매트
2783,네이즌쿨매트,침대 쿨매트,쿨젤매트
2784,네이즌쿨매트,침대 쿨매트,커블 쿨매트
2785,네이즌쿨매트,침대 쿨매트,매쉬 쿨매트
2786,네이즌쿨매트,침대 쿨매트,침대 쿨시트
2787,네이즌쿨매트,침대 쿨매트,쿨리몰리 쿨매트
2788,네이즌쿨매트,침대 쿨매트,라지킹 쿨매트
2789,네이즌쿨매트,침대 쿨매트,1인용 쿨매트
2790,네이즌쿨매트,해피테일즈 쿨매트,아기 쿨매트
2791,네이즌쿨매트,해피테일즈 쿨매트,포몽드 쿨매트
2792,네이즌쿨매트,해피테일즈 쿨매트,도노도노 쿨매트
2793,네이즌쿨매트,해피테일즈 쿨매트,베베누보 쿨매트
2794,네이즌쿨매트,해피테일즈 쿨매트,신생아 쿨매트
2795,네이즌쿨매트,해피테일즈 쿨매트,비비엔다 쿨매트
2796,네이즌쿨매트,해피테일즈 쿨매트,몽슈레 쿨매트
2797,네이즌쿨매트,해피테일즈 쿨매트,밀로앤개비 쿨매트
2798,네이즌쿨매트,해피테일즈 쿨매트,유아 쿨매트
2799,네이즌쿨매트,해피테일즈 쿨매트,해피테일즈 베개
2800,패브릭스툴,쇼파 스툴,쇼파스툴 단품
2801,패브릭스툴,쇼파 스툴,1인쇼파 스툴
2802,패브릭스툴,쇼파 스툴,쇼파보조스툴
2803,패브릭스툴,쇼파 스툴,3인용쇼파 스툴
2804,패브릭스툴,쇼파 스툴,리바트쇼파 스툴
2805,패브릭스툴,쇼파 스툴,1인용쇼파
2806,패브릭스툴,쇼파 스툴,2인용쇼파
2807,패브릭스툴,쇼파 스툴,스툴의자
2808,패브릭스툴,쇼파 스툴,카우치쇼파
2809,패브릭스툴,쇼파 스툴,이케아 스툴
2810,패브릭스툴,이케아 스툴,이케아 스텝스툴
2811,패브릭스툴,이케아 스툴,이케아 스툴의자
2812,패브릭스툴,이케아 스툴,이케아 풋스툴
2813,패브릭스툴,이케아 스툴,이케아 원목스툴
2814,패브릭스툴,이케아 스툴,이케아 소파스툴
2815,패브릭스툴,이케아 스툴,이케아 철제스툴
2816,패브릭스툴,이케아 스툴,수납스툴
2817,패브릭스툴,이케아 스툴,라탄스툴
2818,패브릭스툴,이케아 스툴,사각스툴
2819,패브릭스툴,이케아 스툴,미니스툴
2820,패브릭스툴,풋스툴,이케아 풋스툴
2821,패브릭스툴,풋스툴,소파 풋스툴
2822,패브릭스툴,풋스툴,가죽 풋스툴
2823,패브릭스툴,풋스툴,포엥 풋스툴
2824,패브릭스툴,풋스툴,스툴의자
2825,패브릭스툴,풋스툴,쇼파 스툴
2826,패브릭스툴,풋스툴,원목스툴
2827,패브릭스툴,풋스툴,스텝스툴
2828,패브릭스툴,풋스툴,수납스툴
2829,패브릭스툴,풋스툴,사각스툴
2830,패브릭스툴,원목스툴의자,수납스툴의자
2831,패브릭스툴,원목스툴의자,원형스툴의자
2832,패브릭스툴,원목스툴의자,이케아 원목스툴
2833,패브릭스툴,원목스툴의자,원목수납의자
2834,패브릭스툴,원목스툴의자,원목원형의자
2835,패브릭스툴,원목스툴의자,원목미니스툴
2836,패브릭스툴,원목스툴의자,원목사각스툴
2837,패브릭스툴,원목스툴의자,원목원형스툴
2838,패브릭스툴,원목스툴의자,원목미니의자
2839,패브릭스툴,원목스툴의자,등받이 스툴의자
2840,패브릭스툴,라탄스툴,라탄 원형스툴
2841,패브릭스툴,라탄스툴,라탄수납스툴
2842,패브릭스툴,라탄스툴,마켓비 라탄 스툴
2843,패브릭스툴,라탄스툴,스툴의자
2844,패브릭스툴,라탄스툴,이케아 스툴
2845,패브릭스툴,라탄스툴,원목스툴
2846,패브릭스툴,라탄스툴,스텝스툴
2847,패브릭스툴,라탄스툴,사각스툴
2848,패브릭스툴,라탄스툴,미니스툴
2849,패브릭스툴,라탄스툴,화장대스툴
2850,패브릭스툴,미니스툴,원목미니스툴
2851,패브릭스툴,미니스툴,미니 원형 스툴
2852,패브릭스툴,미니스툴,미니스툴의자
2853,패브릭스툴,미니스툴,이케아 스툴
2854,패브릭스툴,미니스툴,풋스툴
2855,패브릭스툴,미니스툴,수납스툴
2856,패브릭스툴,미니스툴,라탄스툴
2857,패브릭스툴,미니스툴,사각스툴
2858,패브릭스툴,미니스툴,화장대스툴
2859,패브릭스툴,미니스툴,화분 스툴
2860,패브릭스툴,화장대스툴,스툴의자
2861,패브릭스툴,화장대스툴,쇼파 스툴
2862,패브릭스툴,화장대스툴,이케아 스툴
2863,패브릭스툴,화장대스툴,원목스툴
2864,패브릭스툴,화장대스툴,풋스툴
2865,패브릭스툴,화장대스툴,수납스툴
2866,패브릭스툴,화장대스툴,라탄스툴
2867,패브릭스툴,화장대스툴,미니스툴
2868,패브릭스툴,화장대스툴,원형스툴
2869,패브릭스툴,화장대스툴,까사미아 스툴
2870,모찌,모찌 뜻,모찌롱 뜻
2871,모찌,모찌 뜻,모찌
2872,모찌,일본 모찌,키리모찌
2873,모찌,일본 모찌,모찌
2874,모찌,일본 모찌,와라비모찌
2875,모찌,키리모찌,키리모찌 굽는법
2876,모찌,키리모찌,키리모찌 먹는법
2877,모찌,키리모찌,짱구 키리모찌
2878,모찌,키리모찌,키리모찌 칼로리
2879,모찌,키리모찌,키리모찌 소스
2880,모찌,키리모찌,키리모찌 전자레인지
2881,모찌,키리모찌,키리모찌 파는곳
2882,모찌,키리모찌,키리모찌 에어프라이어
2883,모찌,키리모찌,키리모찌 보관
2884,모찌,키리모찌,키리모찌 대패
2885,모찌,과일모찌,서울 과일모찌
2886,모찌,과일모찌,대구 과일모찌
2887,모찌,과일모찌,과일모찌 만들기
2888,모찌,과일모찌,광주 과일모찌
2889,모찌,과일모찌,대전 과일모찌
2890,모찌,과일모찌,부산 과일모찌
2891,모찌,과일모찌,수제홍과일모찌
2892,모찌,과일모찌,홍과일모찌
2893,모찌,과일모찌,제주 과일모찌
2894,모찌,과일모찌,홍대 과일모찌
2895,모찌,모찌이야기,동탄 모찌이야기
2896,모찌,모찌이야기,대구 모찌이야기
2897,모찌,모찌이야기,청주 모찌이야기
2898,모찌,모찌이야기,홍대 모찌이야기
2899,모찌,모찌이야기,모찌
2900,모찌,모찌이야기,과일모찌
2901,모찌,모찌이야기,서울 과일모찌
2902,모찌,모찌인형,대형 모찌인형
2903,모찌,모찌인형,고양이모찌인형
2904,모찌,모찌인형,토끼 모찌 인형
2905,모찌,모찌인형,모찌 시바 인형
2906,모찌,모찌인형,공룡 모찌 인형
2907,모찌,모찌인형,돼지모찌인형
2908,모찌,모찌인형,대왕 모찌인형
2909,모찌,모찌인형,애착인형
2910,모찌,모찌인형,허기워기 인형
2911,모찌,모찌인형,쿼카 인형
2912,모찌,모찌떡,모찌
2913,모찌,가방모찌,모찌
2914,모찌,이상해씨 모찌,베스킨라빈스 이상해씨 모찌
2915,모찌,이상해씨 모찌,베라 이상해씨 모찌
2916,모찌,이상해씨 모찌,이상해씨 모찌세트
2917,모찌,이상해씨 모찌,이상해씨 모찌 화분
2918,모찌,이상해씨 모찌,이상해씨 모찌 피규어
2919,모찌,이상해씨 모찌,베스킨라빈스 이상해씨
2920,모찌,이상해씨 모찌,이상해씨 화분
2921,모찌,이상해씨 모찌,배스킨라빈스 이상해씨
2922,모찌,이상해씨 모찌,이상해씨 피규어
2923,모찌,이상해씨 모찌,베스킨라빈스 이상해씨 피규어
2924,모찌,여수 모찌,여수 과일모찌
2925,모찌,여수 모찌,여수 딸기모찌
2926,모찌,여수 모찌,여수 이순신광장
2927,모찌,여수 모찌,여수 여수당
2928,모찌,여수 모찌,여수 먹거리
2929,모찌,여수 모찌,여수 키스링
2930,모찌,여수 모찌,여수 딸기모찌 가격
2931,모찌,여수 모찌,여수 쑥아이스크림
2932,모찌,여수 모찌,여수 딸기모찌 아이스크림
2933,접이식토퍼매트리스,3단 접이식 매트리스,접이식 매트리스
2934,접이식토퍼매트리스,3단 접이식 매트리스,3단 접이식 토퍼
2935,접이식토퍼매트리스,3단 접이식 매트리스,접이식 토퍼 매트리스
2936,접이식토퍼매트리스,3단 접이식 매트리스,3단 접이식 매트
2937,접이식토퍼매트리스,3단 접이식 매트리스,접이식 매트리스 추천
2938,접이식토퍼매트리스,3단 접이식 토퍼,3단 접이식 매트리스
2939,접이식토퍼매트리스,3단 접이식 토퍼,3단접이식매트
2940,접이식토퍼매트리스,3단 접이식 토퍼,3단 접이식 라텍스
2941,접이식토퍼매트리스,3단 접이식 토퍼,3단 접이식 메모리폼
2942,티비거실장,75인치 티비 거실장,75인치 티비 사이즈
2943,티비거실장,75인치 티비 거실장,티비 거실장
2944,티비거실장,티비다이,높은 티비다이
2945,티비거실장,티비다이,모던티비다이
2946,티비거실장,티비다이,철제티비다이
2947,티비거실장,티비다이,대리석티비다이
2948,티비거실장,티비다이,미니 티비다이
2949,티비거실장,티비다이,원룸 티비다이
2950,티비거실장,티비다이,티비다이인테리어
2951,티비거실장,티비다이,낮은 티비다이
2952,티비거실장,티비다이,세라믹티비다이
2953,티비거실장,티비다이,안방티비다이
2954,티비거실장,티비 거치대,룸앤티비 거치대
2955,티비거실장,티비 거치대,이젤형 티비거치대
2956,티비거실장,티비 거치대,75인치 티비 거치대
2957,티비거실장,티비 거치대,티비 이젤 거치대
2958,티비거실장,티비 거치대,캠핑티비거치대
2959,티비거실장,티비 거치대,낮은티비거치대
2960,티비거실장,티비 거치대,크롬티비거치대
2961,티비거실장,티비 거치대,티비거치대 바퀴
2962,티비거실장,티비 거치대,대우티비거치대
2963,티비거실장,티비 거치대,높이조절티비거치대
2964,티비거실장,원목거실장,북유럽원목거실장
2965,티비거실장,원목거실장,원목 높은 거실장
2966,티비거실장,원목거실장,원목거실장세트
2967,티비거실장,원목거실장,원목낮은거실장
2968,티비거실장,원목거실장,엔틱원목거실장
2969,티비거실장,원목거실장,오크원목거실장
2970,티비거실장,원목거실장,원목템바보드거실장
2971,티비거실장,원목거실장,원목거실장 2400
2972,티비거실장,원목거실장,고무나무원목 거실장
2973,티비거실장,원목거실장,원목거실장 1200
2974,고무나무식탁,월넛 식탁,월넛6인용식탁
2975,고무나무식탁,월넛 식탁,월넛6인식탁
2976,고무나무식탁,월넛 식탁,월넛4인식탁
2977,고무나무식탁,월넛 식탁,월넛원목식탁
2978,고무나무식탁,월넛 식탁,북미산월넛식탁
2979,고무나무식탁,월넛 식탁,세라믹식탁
2980,고무나무식탁,월넛 식탁,포세린 식탁
2981,고무나무식탁,월넛 식탁,엔틱식탁
2982,고무나무식탁,월넛 식탁,호두나무 식탁
2983,고무나무식탁,월넛 식탁,저상형 식탁
2984,고무나무식탁,호두나무 식탁,6인용식탁
2985,고무나무식탁,호두나무 식탁,원목식탁
2986,고무나무식탁,호두나무 식탁,세라믹식탁
2987,고무나무식탁,호두나무 식탁,포세린 식탁
2988,고무나무식탁,호두나무 식탁,대리석식탁
2989,고무나무식탁,호두나무 식탁,엔틱식탁
2990,고무나무식탁,호두나무 식탁,월넛 식탁
2991,고무나무식탁,호두나무 식탁,통세라믹 식탁
2992,고무나무식탁,호두나무 식탁,4인 식탁세트
2993,고무나무식탁,호두나무 식탁,고무나무식탁
2994,세라믹거실테이블,거실 쇼파테이블,원목거실테이블
2995,세라믹거실테이블,거실 쇼파테이블,높은 거실테이블
2996,세라믹거실테이블,거실 쇼파테이블,원형쇼파테이블
2997,세라믹거실테이블,거실 쇼파테이블,거실 탁자 테이블
2998,세라믹거실테이블,거실 쇼파테이블,거실 좌식테이블
2999,세라믹거실테이블,거실 쇼파테이블,원형거실테이블
3000,세라믹거실테이블,거실 쇼파테이블,거실 유리테이블
3001,세라믹거실테이블,거실 쇼파테이블,기능성거실테이블
3002,세라믹거실테이블,거실 쇼파테이블,거실테이블인테리어
3003,세라믹거실테이블,거실 쇼파테이블,거실미니테이블
3004,세라믹거실테이블,거실 쇼파테이블,원목거실테이블
3005,세라믹거실테이블,거실 쇼파테이블,높은 거실테이블
3006,세라믹거실테이블,거실 쇼파테이블,원형쇼파테이블
3007,세라믹거실테이블,거실 쇼파테이블,거실 탁자 테이블
3008,세라믹거실테이블,거실 쇼파테이블,거실 좌식테이블
3009,세라믹거실테이블,거실 쇼파테이블,원형거실테이블
3010,세라믹거실테이블,거실 쇼파테이블,거실 유리테이블
3011,세라믹거실테이블,거실 쇼파테이블,기능성거실테이블
3012,세라믹거실테이블,거실 쇼파테이블,거실테이블인테리어
3013,세라믹거실테이블,거실 쇼파테이블,거실미니테이블
3014,대리석거실테이블,거실 쇼파테이블,원목거실테이블
3015,대리석거실테이블,거실 쇼파테이블,높은 거실테이블
3016,대리석거실테이블,거실 쇼파테이블,원형쇼파테이블
3017,대리석거실테이블,거실 쇼파테이블,거실 탁자 테이블
3018,대리석거실테이블,거실 쇼파테이블,거실 좌식테이블
3019,대리석거실테이블,거실 쇼파테이블,원형거실테이블
3020,대리석거실테이블,거실 쇼파테이블,거실 유리테이블
3021,대리석거실테이블,거실 쇼파테이블,기능성거실테이블
3022,대리석거실테이블,거실 쇼파테이블,거실테이블인테리어
3023,대리석거실테이블,거실 쇼파테이블,거실미니테이블
3024,대리석거실테이블,거실 쇼파테이블,원목거실테이블
3025,대리석거실테이블,거실 쇼파테이블,높은 거실테이블
3026,대리석거실테이블,거실 쇼파테이블,원형쇼파테이블
3027,대리석거실테이블,거실 쇼파테이블,거실 탁자 테이블
3028,대리석거실테이블,거실 쇼파테이블,거실 좌식테이블
3029,대리석거실테이블,거실 쇼파테이블,원형거실테이블
3030,대리석거실테이블,거실 쇼파테이블,거실 유리테이블
3031,대리석거실테이블,거실 쇼파테이블,기능성거실테이블
3032,대리석거실테이블,거실 쇼파테이블,거실테이블인테리어
3033,대리석거실테이블,거실 쇼파테이블,거실미니테이블
3034,세라믹거실테이블,원목거실테이블,원목원형거실테이블
3035,세라믹거실테이블,원목거실테이블,거실 쇼파테이블
3036,세라믹거실테이블,원목거실테이블,원목 좌식테이블
3037,세라믹거실테이블,원목거실테이블,원목 접이식 테이블
3038,세라믹거실테이블,원목거실테이블,거실 공부테이블
3039,세라믹거실테이블,원목거실테이블,높은 거실테이블
3040,세라믹거실테이블,원목거실테이블,거실 탁자 테이블
3041,세라믹거실테이블,원목거실테이블,기능성거실테이블
3042,세라믹거실테이블,원목거실테이블,거실테이블인테리어
3043,세라믹거실테이블,원목거실테이블,원목 소파테이블
3044,세라믹거실테이블,원목거실테이블,원목원형거실테이블
3045,세라믹거실테이블,원목거실테이블,거실 쇼파테이블
3046,세라믹거실테이블,원목거실테이블,원목 좌식테이블
3047,세라믹거실테이블,원목거실테이블,원목 접이식 테이블
3048,세라믹거실테이블,원목거실테이블,거실 공부테이블
3049,세라믹거실테이블,원목거실테이블,높은 거실테이블
3050,세라믹거실테이블,원목거실테이블,거실 탁자 테이블
3051,세라믹거실테이블,원목거실테이블,기능성거실테이블
3052,세라믹거실테이블,원목거실테이블,거실테이블인테리어
3053,세라믹거실테이블,원목거실테이블,원목 소파테이블
3054,대리석거실테이블,원목거실테이블,원목원형거실테이블
3055,대리석거실테이블,원목거실테이블,거실 쇼파테이블
3056,대리석거실테이블,원목거실테이블,원목 좌식테이블
3057,대리석거실테이블,원목거실테이블,원목 접이식 테이블
3058,대리석거실테이블,원목거실테이블,거실 공부테이블
3059,대리석거실테이블,원목거실테이블,높은 거실테이블
3060,대리석거실테이블,원목거실테이블,거실 탁자 테이블
3061,대리석거실테이블,원목거실테이블,기능성거실테이블
3062,대리석거실테이블,원목거실테이블,거실테이블인테리어
3063,대리석거실테이블,원목거실테이블,원목 소파테이블
3064,대리석거실테이블,원목거실테이블,원목원형거실테이블
3065,대리석거실테이블,원목거실테이블,거실 쇼파테이블
3066,대리석거실테이블,원목거실테이블,원목 좌식테이블
3067,대리석거실테이블,원목거실테이블,원목 접이식 테이블
3068,대리석거실테이블,원목거실테이블,거실 공부테이블
3069,대리석거실테이블,원목거실테이블,높은 거실테이블
3070,대리석거실테이블,원목거실테이블,거실 탁자 테이블
3071,대리석거실테이블,원목거실테이블,기능성거실테이블
3072,대리석거실테이블,원목거실테이블,거실테이블인테리어
3073,대리석거실테이블,원목거실테이블,원목 소파테이블
3074,세라믹거실테이블,높은 거실테이블,거실 쇼파테이블
3075,세라믹거실테이블,높은 거실테이블,원목거실테이블
3076,세라믹거실테이블,높은 거실테이블,높은 소파테이블
3077,세라믹거실테이블,높은 거실테이블,거실접이식테이블
3078,세라믹거실테이블,높은 거실테이블,거실 공부테이블
3079,세라믹거실테이블,높은 거실테이블,거실 탁자 테이블
3080,세라믹거실테이블,높은 거실테이블,원형거실테이블
3081,세라믹거실테이블,높은 거실테이블,기능성거실테이블
3082,세라믹거실테이블,높은 거실테이블,높은원목테이블
3083,세라믹거실테이블,높은 거실테이블,거실미니테이블
3084,세라믹거실테이블,거실 유리테이블,원목거실테이블
3085,세라믹거실테이블,거실 유리테이블,강화유리 테이블
3086,세라믹거실테이블,거실 유리테이블,원형거실테이블
3087,세라믹거실테이블,거실 유리테이블,대리석거실테이블
3088,세라믹거실테이블,거실 유리테이블,투명거실테이블
3089,세라믹거실테이블,거실 유리테이블,화이트 거실테이블
3090,세라믹거실테이블,거실 유리테이블,디자인 거실테이블
3091,세라믹거실테이블,세라믹 좌식테이블,세라믹 테이블
3092,세라믹거실테이블,타원형 거실테이블,타원형 테이블
3093,세라믹거실테이블,거실수납테이블,거실 쇼파테이블
3094,세라믹거실테이블,거실수납테이블,원목거실테이블
3095,세라믹거실테이블,거실수납테이블,거실접이식테이블
3096,세라믹거실테이블,거실수납테이블,원형거실테이블
3097,세라믹거실테이블,거실수납테이블,세라믹거실테이블
3098,세라믹거실테이블,거실수납테이블,거실 서랍테이블
3099,세라믹거실테이블,거실수납테이블,수납소파테이블
3100,세라믹거실테이블,거실수납테이블,서랍형거실테이블
3101,세라믹거실테이블,거실수납테이블,거실 쇼파테이블
3102,세라믹거실테이블,거실수납테이블,원목거실테이블
3103,세라믹거실테이블,거실수납테이블,거실접이식테이블
3104,세라믹거실테이블,거실수납테이블,원형거실테이블
3105,세라믹거실테이블,거실수납테이블,세라믹거실테이블
3106,세라믹거실테이블,거실수납테이블,거실 서랍테이블
3107,세라믹거실테이블,거실수납테이블,수납소파테이블
3108,세라믹거실테이블,거실수납테이블,서랍형거실테이블
3109,대리석거실테이블,거실수납테이블,거실 쇼파테이블
3110,대리석거실테이블,거실수납테이블,원목거실테이블
3111,대리석거실테이블,거실수납테이블,거실접이식테이블
3112,대리석거실테이블,거실수납테이블,원형거실테이블
3113,대리석거실테이블,거실수납테이블,세라믹거실테이블
3114,대리석거실테이블,거실수납테이블,거실 서랍테이블
3115,대리석거실테이블,거실수납테이블,수납소파테이블
3116,대리석거실테이블,거실수납테이블,서랍형거실테이블
3117,대리석거실테이블,거실수납테이블,거실 쇼파테이블
3118,대리석거실테이블,거실수납테이블,원목거실테이블
3119,대리석거실테이블,거실수납테이블,거실접이식테이블
3120,대리석거실테이블,거실수납테이블,원형거실테이블
3121,대리석거실테이블,거실수납테이블,세라믹거실테이블
3122,대리석거실테이블,거실수납테이블,거실 서랍테이블
3123,대리석거실테이블,거실수납테이블,수납소파테이블
3124,대리석거실테이블,거실수납테이블,서랍형거실테이블
3125,대리석거실테이블,거실 좌식테이블,거실 쇼파테이블
3126,대리석거실테이블,거실 좌식테이블,접이식 좌식테이블
3127,대리석거실테이블,거실 좌식테이블,거실접이식테이블
3128,대리석거실테이블,거실 좌식테이블,원목 좌식테이블
3129,대리석거실테이블,거실 좌식테이블,거실 공부테이블
3130,대리석거실테이블,거실 좌식테이블,거실 유리테이블
3131,대리석거실테이블,거실 좌식테이블,거실테이블인테리어
3132,대리석거실테이블,거실 좌식테이블,확장형 좌식테이블
3133,대리석거실테이블,거실 좌식테이블,대리석거실테이블
3134,대리석거실테이블,거실 좌식테이블,대형 좌식테이블
3135,대리석거실테이블,세라믹거실테이블,세라믹원형거실테이블
3136,대리석거실테이블,세라믹거실테이블,거실 쇼파테이블
3137,대리석거실테이블,세라믹거실테이블,원목거실테이블
3138,대리석거실테이블,세라믹거실테이블,높은 거실테이블
3139,대리석거실테이블,세라믹거실테이블,거실 유리테이블
3140,대리석거실테이블,세라믹거실테이블,대리석거실테이블
3141,대리석거실테이블,세라믹거실테이블,세라믹 좌식테이블
3142,대리석거실테이블,세라믹거실테이블,투명거실테이블
3143,대리석거실테이블,세라믹거실테이블,타원형 거실테이블
3144,대리석거실테이블,세라믹거실테이블,거실수납테이블
3145,대리석거실테이블,템바보드 거실테이블,템바보드 테이블
3146,대리석거실테이블,대리석 소파 테이블,높은 소파테이블
3147,대리석거실테이블,대리석 소파 테이블,대리석원형테이블
3148,대리석거실테이블,대리석 소파 테이블,원목 소파테이블
3149,대리석거실테이블,대리석 소파 테이블,천연대리석테이블
3150,대리석거실테이블,대리석 소파 테이블,대리석거실테이블
3151,대리석거실테이블,대리석 소파 테이블,세라믹 소파 테이블
3152,대리석거실테이블,대리석 소파 테이블,대리석 좌식테이블
3153,대리석거실테이블,대리석 소파 테이블,확장형소파테이블
3154,대리석거실테이블,대리석 소파 테이블,미드센추리 소파테이블
3155,마켓비책상,마켓비 올슨,마켓비 올슨 책상
3156,마켓비책상,데스커 책상,데스커 책상세트
3157,마켓비책상,데스커 책상,데스커 컴퓨터 책상
3158,마켓비책상,데스커 책상,데스커 독서실 책상
3159,마켓비책상,데스커 책상,데스커 노트북책상
3160,마켓비책상,데스커 책상,데스커 책상 1400
3161,마켓비책상,데스커 책상,데스커 책상 1200
3162,마켓비책상,데스커 책상,데스커 초등 책상
3163,마켓비책상,데스커 책상,데스커 책상 1000
3164,마켓비책상,데스커 책상,데스커 책상 1800
3165,마켓비책상,데스커 책상,데스커 아이책상
3166,마켓비책상,이케아 책상,이케아 컴퓨터책상
3167,마켓비책상,이케아 책상,이케아 책상세트
3168,마켓비책상,이케아 책상,이케아 높이조절 책상
3169,마켓비책상,이케아 책상,이케아 말름 책상
3170,마켓비책상,이케아 책상,이케아 미니책상
3171,마켓비책상,이케아 책상,이케아 학생책상
3172,마켓비책상,이케아 책상,이케아 접이식 책상
3173,마켓비책상,이케아 책상,이케아 사무용 책상
3174,마켓비책상,이케아 책상,이케아 2인책상
3175,마켓비책상,이케아 책상,이케아조립책상
3176,마켓비책상,리바트 책상,리바트 책상세트
3177,마켓비책상,리바트 책상,현대리바트 책상
3178,마켓비책상,리바트 책상,리바트소호책상
3179,마켓비책상,리바트 책상,리바트 책상 1500
3180,마켓비책상,리바트 책상,리바트책상1000
3181,마켓비책상,리바트 책상,리바트 책상 1200
3182,마켓비책상,리바트 책상,리바트책상1400
3183,마켓비책상,리바트 책상,리바트 버킨 책상
3184,마켓비책상,리바트 책상,리바트책상서랍
3185,마켓비책상,리바트 책상,리바트 서재책상
3186,마켓비책상,접이식 책상,접이식 공부책상
3187,마켓비책상,접이식 책상,접이식 간이책상
3188,마켓비책상,접이식 책상,접이식책상800
3189,마켓비책상,접이식 책상,접이식2단책상
3190,마켓비책상,접이식 책상,원목 접이식 책상
3191,마켓비책상,접이식 책상,접이식책상1000
3192,마켓비책상,접이식 책상,접이식 책상1200
3193,마켓비책상,접이식 책상,접이식 컴퓨터 책상
3194,마켓비책상,접이식 책상,1인용 접이식 책상
3195,마켓비책상,접이식 책상,접이식선반책상
3196,마켓비책상,소프시스 책상,소프시스 접이식 책상
3197,마켓비책상,소프시스 책상,소프시스 서랍책상
3198,마켓비책상,소프시스 책상,소프시스 책상 1200
3199,마켓비책상,소프시스 책상,소프시스책상1400
3200,마켓비책상,소프시스 책상,데스커 책상
3201,마켓비책상,소프시스 책상,이케아 책상
3202,마켓비책상,소프시스 책상,리바트 책상
3203,마켓비책상,소프시스 책상,한샘 책상
3204,마켓비책상,소프시스 책상,철제책상
3205,마켓비책상,소프시스 책상,두닷 책상
3206,마켓비책상,두닷 책상,두닷책상1400
3207,마켓비책상,두닷 책상,두닷책상1800
3208,마켓비책상,두닷 책상,두닷 책상서랍
3209,마켓비책상,두닷 책상,두닷 책상 1200
3210,마켓비책상,두닷 책상,데스커 책상
3211,마켓비책상,두닷 책상,이케아 책상
3212,마켓비책상,두닷 책상,리바트 책상
3213,마켓비책상,두닷 책상,한샘 책상
3214,마켓비책상,두닷 책상,접이식 책상
3215,마켓비책상,두닷 책상,고등학생책상
3216,거실장2000,높은 거실장,높은거실장2000
3217,거실장2000,높은 거실장,키높은 거실장
3218,거실장2000,높은 거실장,높은거실장1500
3219,거실장2000,높은 거실장,높은거실장 1800
3220,거실장2000,높은 거실장,템바보드 거실장
3221,거실장2000,높은 거실장,원목거실장
3222,거실장2000,높은 거실장,tv거실장
3223,거실장2000,높은 거실장,높은 티비장
3224,거실장2000,높은 거실장,거실장세트
3225,거실장2000,높은 거실장,엔틱거실장
3226,거실장2000,템바보드 거실장,템바보드 수납장
3227,거실장2000,템바보드 거실장,템파보드 거실장
3228,거실장2000,템바보드 거실장,거실 템바보드
3229,거실장2000,템바보드 거실장,템바보드 가구
3230,거실장2000,템바보드 거실장,템바보드 티비장
3231,거실장2000,템바보드 거실장,템바보드 콘솔
3232,거실장2000,템바보드 거실장,템바보드 장식장
3233,거실장2000,템바보드 거실장,템바보드1200
3234,거실장2000,템바보드 거실장,템바보드 tv
3235,거실장2000,템바보드 거실장,템바보드장
3236,거실장2000,tv거실장,낮은tv거실장
3237,거실장2000,tv거실장,tv거실장1800
3238,거실장2000,tv거실장,tv거실장1500
3239,거실장2000,tv거실장,tv거실장 2000
3240,거실장2000,tv거실장,높은 거실장
3241,거실장2000,tv거실장,템바보드 거실장
3242,거실장2000,tv거실장,원목거실장
3243,거실장2000,tv거실장,tv선반
3244,거실장2000,tv거실장,거실장세트
3245,거실장2000,tv거실장,세라믹 거실장
3246,거실장2000,거실장세트,원목거실장세트
3247,거실장2000,거실장세트,엔틱거실장세트
3248,거실장2000,거실장세트,거실장장식장세트
3249,거실장2000,거실장세트,높은 거실장
3250,거실장2000,거실장세트,템바보드 거실장
3251,거실장2000,거실장세트,북유럽원목거실장
3252,거실장2000,거실장세트,tv거실장
3253,거실장2000,거실장세트,대리석거실장
3254,거실장2000,거실장세트,확장형 거실장
3255,거실장2000,거실장세트,시스템거실장
3256,거실장2000,엔틱거실장,수입엔틱거실장
3257,거실장2000,엔틱거실장,엔틱거실장세트
3258,거실장2000,엔틱거실장,화이트 엔틱거실장
3259,거실장2000,엔틱거실장,높은 거실장
3260,거실장2000,엔틱거실장,템바보드 거실장
3261,거실장2000,엔틱거실장,원목거실장
3262,거실장2000,엔틱거실장,tv거실장
3263,거실장2000,엔틱거실장,대리석거실장
3264,거실장2000,엔틱거실장,라탄거실장
3265,거실장2000,엔틱거실장,미니거실장
3266,거실장2000,템파보드 거실장,템파보드
3267,거실장2000,템파보드 거실장,템파보드 식탁
3268,거실장2000,템파보드 거실장,템파보드 수납장
3269,거실장2000,거실장 2400,높은 거실장
3270,거실장2000,거실장 2400,원목거실장
3271,거실장2000,거실장 2400,tv거실장
3272,거실장2000,거실장 2400,세라믹 거실장
3273,거실장2000,거실장 2400,화이트 거실장
3274,거실장2000,거실장 2400,75인치 티비 거실장
3275,거실장2000,거실장 2400,라탄거실장
3276,거실장2000,거실장 2400,확장형 거실장
3277,거실장2000,거실장 2400,거실장 1200
3278,거실장2000,거실장 2400,거실장 2000
3279,거실장2000,거실장 1500,높은거실장1500
3280,거실장2000,거실장 1500,원목거실장
3281,거실장2000,거실장 1500,tv거실장
3282,거실장2000,거실장 1500,화이트 거실장
3283,거실장2000,거실장 1500,확장형 거실장
3284,거실장2000,거실장 1500,거실장 1200
3285,거실장2000,거실장 1500,거실장 2000
3286,거실장2000,거실장 1500,거실장 1800
3287,거실장2000,거실장 1500,거실장 1600
3288,거실장2000,거실장 1500,거실장 1400
3289,천연라텍스베개,라텍스베개,천연라텍스베개
3290,천연라텍스베개,라텍스베개,라텍스경추베개
3291,천연라텍스베개,라텍스베개,높은라텍스베개
3292,천연라텍스베개,라텍스베개,낮은 라텍스 베개
3293,천연라텍스베개,라텍스베개,태국 라텍스베개
3294,천연라텍스베개,라텍스베개,라텍스베개11
3295,천연라텍스베개,라텍스베개,힐튼라텍스베개
3296,천연라텍스베개,라텍스베개,라텍스 u베개
3297,천연라텍스베개,라텍스베개,라텍스원형베개
3298,천연라텍스베개,라텍스베개,분쇄라텍스베개
3299,천연라텍스베개,천연라텍스,천연라텍스매트리스
3300,천연라텍스베개,천연라텍스,천연라텍스베개
3301,천연라텍스베개,천연라텍스,천연라텍스토퍼
3302,천연라텍스베개,천연라텍스,라텍스
3303,침대옆협탁,침대 옆 선반,침대 옆 협탁
3304,침대옆협탁,침대 옆 선반,침대 선반
3305,침대옆협탁,침대 옆 선반,침대 옆 테이블
3306,침대옆협탁,침대 옆 선반,침대 옆 책장
3307,침대옆협탁,침대미니협탁,침대 옆 협탁
3308,침대옆협탁,침대미니협탁,원목침대협탁
3309,침대옆협탁,침대미니협탁,침대틈새협탁
3310,침대옆협탁,침대미니협탁,원목미니협탁
3311,침대옆협탁,원목침대협탁,침대 옆 협탁
3312,침대옆협탁,원목침대협탁,침대미니협탁
3313,침대옆협탁,원목침대협탁,엔틱침대협탁
3314,침대옆협탁,원목침대협탁,원목미니협탁
3315,침대옆협탁,원목침대협탁,원목 2단협탁
3316,침대옆협탁,원목침대협탁,라탄침대협탁
3317,침대옆협탁,원목침대협탁,월넛침대협탁
3318,침대옆협탁,원목침대협탁,침대협탁화이트
3319,침대옆협탁,원목침대협탁,원형침대협탁
3320,시스템선반,시스템 벽선반,무타공 벽선반
3321,시스템선반,시스템 벽선반,무지주 벽선반
3322,시스템선반,시스템 벽선반,주방 벽선반
3323,시스템선반,시스템 벽선반,원목 벽선반
3324,시스템선반,시스템 벽선반,인테리어 벽선반
3325,시스템선반,시스템 벽선반,벽부착 선반
3326,시스템선반,시스템 벽선반,모듈 벽선반
3327,시스템선반,시스템 벽선반,화이트벽선반
3328,시스템선반,시스템 벽선반,카페 벽선반
3329,시스템선반,시스템 벽선반,벽레일선반
3330,시스템선반,베란다 시스템선반,시스템선반
3331,시스템선반,원목 선반,원목 벽선반
3332,시스템선반,원목 선반,원목 3단 선반
3333,시스템선반,원목 선반,원목미니선반
3334,시스템선반,원목 선반,원목 2단 선반
3335,시스템선반,원목 선반,원목사다리선반
3336,시스템선반,원목 선반,주방 원목 선반
3337,시스템선반,원목 선반,원목 수납선반
3338,시스템선반,원목 선반,원목4단선반
3339,시스템선반,원목 선반,원목5단선반
3340,시스템선반,원목 선반,원목1단 선반
3341,친환경종이가구,친환경 종이가구 툭,친환경 종이 가구
3342,친환경종이가구,친환경 종이가구 툭,친환경 가구
3343,친환경종이가구,종이가구,친환경 종이 가구
3344,친환경종이가구,종이가구,나혼자산다 종이가구
3345,친환경종이가구,종이가구,툭 종이가구
3346,친환경종이가구,종이가구,나혼산 종이가구
3347,친환경종이가구,종이가구,종이가구 툭
3348,친환경종이가구,종이가구,페이퍼팝 종이가구
3349,친환경종이가구,종이가구,종이가구 선반
3350,친환경종이가구,종이가구,종이가구 책장
3351,친환경종이가구,종이가구,종이책장
3352,친환경종이가구,종이가구,종이선반
3353,친환경종이가구,나혼자산다 종이가구,종이가구
3354,친환경종이가구,나혼자산다 종이가구,친환경 종이 가구
3355,친환경종이가구,나혼자산다 종이가구,툭 종이가구
3356,친환경종이가구,나혼자산다 종이가구,나혼자산다 가구
3357,친환경종이가구,나혼자산다 종이가구,나혼자산다 종이
3358,친환경종이가구,나혼자산다 종이가구,나혼자산다 종이선반
3359,친환경종이가구,친환경 가구,친환경 종이 가구
3360,친환경종이가구,친환경 가구,친환경 종이가구 툭
3361,친환경종이가구,친환경 가구,종이가구
3362,친환경종이가구,친환경 가구,골판지 가구
3363,친환경종이가구,친환경 가구,나혼자산다 종이가구
3364,친환경종이가구,친환경 가구,툭 종이가구
3365,친환경종이가구,친환경 가구,툭 가구
3366,친환경종이가구,툭 종이가구,종이가구 툭
3367,친환경종이가구,툭 종이가구,친환경 종이가구 툭
3368,친환경종이가구,툭 종이가구,종이가구
3369,친환경종이가구,툭 종이가구,친환경 종이 가구
3370,친환경종이가구,툭 종이가구,나혼자산다 종이가구
3371,친환경종이가구,툭 종이가구,툭 가구
3372,친환경종이가구,툭 종이가구,tuuk 종이가구
3373,친환경종이가구,툭 종이가구,툭
3374,친환경종이가구,나혼산 종이가구,종이가구
3375,친환경종이가구,나혼산 종이가구,친환경 종이 가구
3376,친환경종이가구,종이가구 툭,툭 종이가구
3377,친환경종이가구,종이가구 툭,친환경 종이가구 툭
3378,친환경종이가구,종이가구 툭,종이가구
3379,친환경종이가구,종이가구 툭,친환경 종이 가구
3380,친환경종이가구,종이가구 툭,툭 가구
3381,친환경종이가구,종이가구 툭,툭
3382,친환경종이가구,친환경종이 선반,친환경 종이 가구
3383,친환경종이가구,친환경종이 선반,친환경 선반
3384,친환경종이가구,친환경 종이 책장,종이책장
3385,친환경종이가구,친환경 종이 책장,친환경 종이 가구
